Fold#,Training accuracy,Training Unfairness(1),Training objective function,Training Sample-Robustness,Test accuracy,Test unfairness,#Nodes explored for best solution,Cache size for best solution,Average length,RL
0,0.7686580916227472,0.007396969389427993,0.23434190837725277,0.020528507721225078,0.7660672169811321,0.005052411769771406,784041,396702,3,"RULELIST:
 if [occupation_sales__AND__capitalLoss_-inf_to_1534.0]: (income > 50K) = False
else if [hoursPerWeek_40.5_to_inf]: (income > 50K) = False
else if [capitalGain_7073.5_to_inf]: (income > 50K) = True
else (income > 50K) = False"
1,0.7665204732244868,0.005386531750567598,0.2364795267755132,0.11358861902480374,0.7684257075471698,0.00624727973560139,760706,385637,3,"RULELIST:
 if [capitalLoss_-inf_to_1534.0__AND__hoursPerWeek_40.5_to_inf]: (income > 50K) = False
else if [occupation_blueCollar__AND__hoursPerWeek_34.5_to_40.5]: (income > 50K) = False
else if [not_capitalGain_7073.5_to_inf]: (income > 50K) = False
else (income > 50K) = True"
2,0.7660499742021081,0.004570145387778399,0.23695002579789193,0.11516916046288789,0.7694235588972431,0.008632609463573821,1137339,529794,3,"RULELIST:
 if [hoursPerWeek_40.5_to_inf]: (income > 50K) = False
else if [occupation_blueCollar]: (income > 50K) = False
else if [capitalGain_7073.5_to_inf]: (income > 50K) = True
else (income > 50K) = False"
3,0.7670450357485074,0.0020693630570186583,0.23595496425149265,0.007923638239846686,0.7651481645289695,0.012620306139589074,328666,166425,3,"RULELIST:
 if [age_35.5_to_61.5__AND__occupation_professional]: (income > 50K) = True
else if [occupation_blueCollar]: (income > 50K) = False
else if [education_masters_doctorate__AND__capitalLoss_-inf_to_1534.0]: (income > 50K) = True
else (income > 50K) = False"
4,0.7670450357485074,0.0064744975844142835,0.23595496425149265,0.13072160389179627,0.760577915376677,0.009566648892835691,991312,477629,3,"RULELIST:
 if [capitalLoss_-inf_to_1534.0__AND__hoursPerWeek_40.5_to_inf]: (income > 50K) = False
else if [not_age_35.5_to_61.5]: (income > 50K) = False
else if [capitalGain_7073.5_to_inf]: (income > 50K) = True
else (income > 50K) = False"
Average,0.7670637221092713,0.005179501433841387,0.23593627789072863,0.07758630586811194,0.7659285126662383,0.008423851200274276,391237.4,3.0,
