Fold#,Training accuracy,Training Unfairness(3),Training objective function,Training Sample-Robustness,Test accuracy,Test unfairness,#Nodes explored for best solution,Cache size for best solution,Average length,RL
0,0.5950687529634898,0.0034947020711019183,0.4079312470365102,0.0018066847335140017,0.5554502369668246,0.009596812400539445,755610,396260,3,"RULELIST:
 if [juvenile-crimes_=0__AND__gender_Female]: (recidivism:yes) = False
else if [age_26-45__AND__priors_1]: (recidivism:yes) = False
else if [charge_degree_Felony__AND__priors_0]: (recidivism:yes) = False
else (recidivism:yes) = True"
1,0.610004741583689,0.0014583817400719012,0.392995258416311,0.003160270880361174,0.604739336492891,0.08859687333623734,224308,131568,3,"RULELIST:
 if [priors_>3__AND__juvenile-crimes_=0]: (recidivism:yes) = True
else if [age_26-45__AND__juvenile-crimes_=0]: (recidivism:yes) = False
else if [charge_degree_Felony__AND__juvenile-crimes_=0]: (recidivism:yes) = False
else (recidivism:yes) = True"
2,0.5995732574679943,0.003937877137262791,0.4034267425320057,0.0008952551477170994,0.6018957345971564,0.014631364773272204,497267,276549,3,"RULELIST:
 if [priors_1__AND__juvenile-crimes_=0]: (recidivism:yes) = False
else if [charge_degree_Felony__AND__priors_0]: (recidivism:yes) = False
else if [age_26-45__AND__charge_degree_Misdemeanor]: (recidivism:yes) = False
else (recidivism:yes) = True"
3,0.598483052856127,0.0016766618391765853,0.404516947143873,0.0031418312387791743,0.6062618595825426,0.011650685637694613,430501,242302,3,"RULELIST:
 if [priors_1__AND__juvenile-crimes_=0]: (recidivism:yes) = False
else if [charge_degree_Felony__AND__priors_0]: (recidivism:yes) = False
else if [age_26-45__AND__charge_degree_Misdemeanor]: (recidivism:yes) = False
else (recidivism:yes) = True"
4,0.5932685470490637,0.00034029587008814477,0.40973145295093627,0.003085059497576025,0.5654648956356736,0.002808819087888867,408087,229485,3,"RULELIST:
 if [not_juvenile-crimes_=0]: (recidivism:yes) = True
else if [priors_>3__AND__age_23-25]: (recidivism:yes) = True
else if [priors_2-3__AND__age_23-25]: (recidivism:yes) = True
else (recidivism:yes) = False"
Average,0.5992796703840728,0.002181583731540268,0.4037203296159272,0.002417820299589495,0.5867624126550176,0.025456911047126496,255232.8,3.0,
