Fold#,Training accuracy,Training Unfairness(1),Training objective function,Training Sample-Robustness,Test accuracy,Test unfairness,#Nodes explored for best solution,Cache size for best solution,Average length,RL
0,0.7816680794604356,0.006951980201884561,0.2213319205395644,0.00110566468875539,0.784935141509434,0.02084651238276916,301633,154226,3,"RULELIST:
 if [age_35.5_to_61.5__AND__occupation_professional]: (income > 50K) = True
else if [workclass_private__AND__hoursPerWeek_40.5_to_inf]: (income > 50K) = False
else if [capitalGain_7073.5_to_inf]: (income > 50K) = True
else (income > 50K) = False"
1,0.7819997788670623,0.005770852833708234,0.2210002211329377,0.0015110750746323664,0.7841981132075472,0.018892966375930062,287790,148622,3,"RULELIST:
 if [age_35.5_to_61.5__AND__occupation_professional]: (income > 50K) = True
else if [age_35.5_to_61.5__AND__hoursPerWeek_40.5_to_inf]: (income > 50K) = False
else if [capitalGain_7073.5_to_inf]: (income > 50K) = True
else (income > 50K) = False"
2,0.7750423822510504,0.0048104658975184345,0.22795761774894963,0.0018427065674062062,0.7806280406899602,0.0030429443724873384,306564,155035,3,"RULELIST:
 if [age_35.5_to_61.5__AND__occupation_professional]: (income > 50K) = True
else if [hoursPerWeek_40.5_to_inf]: (income > 50K) = False
else if [capitalGain_7073.5_to_inf]: (income > 50K) = True
else (income > 50K) = False"
3,0.7771799218692416,0.004628425690659882,0.22582007813075844,0.0019164148301024544,0.7760577915376677,0.001942112479911745,277588,142936,3,"RULELIST:
 if [age_35.5_to_61.5__AND__occupation_professional]: (income > 50K) = True
else if [hoursPerWeek_40.5_to_inf]: (income > 50K) = False
else if [capitalGain_-inf_to_5095.5]: (income > 50K) = False
else (income > 50K) = True"
4,0.7737156335225178,0.004274215151270577,0.22928436647748218,0.0020269772241468267,0.7627893262568185,0.012998451892714771,184884,101266,3,"RULELIST:
 if [education_hs_grad__AND__capitalGain_-inf_to_5095.5]: (income > 50K) = False
else if [age_35.5_to_61.5__AND__occupation_professional]: (income > 50K) = True
else if [education_hs_grad__AND__hoursPerWeek_34.5_to_40.5]: (income > 50K) = True
else (income > 50K) = False"
Average,0.7779211591940615,0.005287187955008338,0.22507884080593846,0.0016805676770086486,0.7777216826402855,0.011544597500762616,140417.0,3.0,
