Fold#,Training accuracy,Training Unfairness(3),Training objective function,Training Sample-Robustness,Test accuracy,Test unfairness,#Nodes explored for best solution,Cache size for best solution,Average length,RL
0,0.8067298124055579,0.0005774997653279364,0.19727018759444215,0.27651552247576144,0.8039504716981132,0.0006641939781718343,5973314,1904065,4,"RULELIST:
 if [capitalGain_7073.5_to_inf]: (income > 50K) = True
else if [workclass_private__AND__occupation_other]: (income > 50K) = False
else if [hoursPerWeek_34.5_to_40.5__AND__education_bachelors]: (income > 50K) = False
else if [capitalLoss_1881.5_to_1978.5]: (income > 50K) = True
else (income > 50K) = False"
1,0.8075037776876866,0.00024587316687000845,0.19649622231231345,0.2740189113713194,0.8076356132075472,0.0020629125886008548,4734864,1526308,4,"RULELIST:
 if [age_-inf_to_21.5__AND__capitalLoss_-inf_to_1534.0]: (income > 50K) = False
else if [capitalGain_7073.5_to_inf]: (income > 50K) = True
else if [capitalGain_-inf_to_5095.5__AND__occupation_other]: (income > 50K) = False
else if [capitalLoss_1881.5_to_1978.5]: (income > 50K) = True
else (income > 50K) = False"
2,0.7955332792806074,0.0006917575868708169,0.20846672071939265,0.31498650968849645,0.7952233524988943,0.0006697403542829409,7354612,2249756,4,"RULELIST:
 if [capitalGain_7073.5_to_inf]: (income > 50K) = True
else if [capitalLoss_-inf_to_1534.0__AND__occupation_whiteCollar]: (income > 50K) = False
else if [workclass_private]: (income > 50K) = False
else if [occupation_whiteCollar]: (income > 50K) = True
else (income > 50K) = False"
3,0.804636249723594,0.0006929404230401487,0.19936375027640596,0.31505302435192456,0.8101135190918473,0.0013021775418348052,5174188,1732834,4,"RULELIST:
 if [capitalGain_7073.5_to_inf]: (income > 50K) = True
else if [capitalGain_-inf_to_5095.5__AND__occupation_other]: (income > 50K) = False
else if [education_hs_grad__AND__hoursPerWeek_34.5_to_40.5]: (income > 50K) = False
else if [not_capitalLoss_1881.5_to_1978.5]: (income > 50K) = False
else (income > 50K) = True"
4,0.8082848087270583,0.0007493681940755918,0.19571519127294168,0.2954389742585886,0.8045112781954887,4.792684288592707e-05,4743002,1539883,4,"RULELIST:
 if [age_-inf_to_21.5__AND__capitalLoss_-inf_to_1534.0]: (income > 50K) = False
else if [capitalGain_7073.5_to_inf]: (income > 50K) = True
else if [capitalGain_-inf_to_5095.5__AND__occupation_other]: (income > 50K) = False
else if [capitalLoss_1881.5_to_1978.5]: (income > 50K) = True
else (income > 50K) = False"
Average,0.804537585564901,0.0005914878272369004,0.19946241443509918,0.2952025884292181,0.804286846938378,0.0009493902611552726,1790569.2,4.0,
