Fold#,Training accuracy,Training Unfairness(3),Training objective function,Training Sample-Robustness,Test accuracy,Test unfairness,#Nodes explored for best solution,Cache size for best solution,Average length,RL
0,0.5568990042674253,0.006979543708426973,0.44610099573257467,0.11698283649503162,0.5677725118483412,0.0024295727596302195,903438,484439,3,"RULELIST:
 if [priors_>3__AND__juvenile-crimes_>0]: (recidivism:yes) = True
else if [gender_Male__AND__juvenile-misdemeanors_=0]: (recidivism:yes) = False
else if [priors_2-3__AND__juvenile-crimes_>0]: (recidivism:yes) = True
else (recidivism:yes) = False"
1,0.5564248458985301,0.004494617170673509,0.44657515410146986,0.12776523702031603,0.5734597156398105,0.01366100382362906,916510,490786,3,"RULELIST:
 if [priors_>3__AND__juvenile-crimes_>0]: (recidivism:yes) = True
else if [charge_degree_Felony__AND__juvenile-crimes_=0]: (recidivism:yes) = False
else if [priors_2-3__AND__juvenile-misdemeanors_>0]: (recidivism:yes) = True
else (recidivism:yes) = False"
2,0.5604551920341394,0.00022402792504041917,0.4425448079658606,0.1692032229185318,0.5554502369668246,0.009240179878957531,1329665,664490,3,"RULELIST:
 if [juvenile-misdemeanors_>0__AND__juvenile-crimes_>0]: (recidivism:yes) = True
else if [juvenile-felonies_=0__AND__gender_Female]: (recidivism:yes) = False
else if [priors_>3__AND__age_23-25]: (recidivism:yes) = True
else (recidivism:yes) = False"
3,0.55558189144347,0.0019245161980113341,0.44741810855652997,0.20466786355475763,0.573055028462998,0.025157232704402517,933702,501786,3,"RULELIST:
 if [priors_>3__AND__juvenile-crimes_>0]: (recidivism:yes) = True
else if [priors_1__AND__charge_degree_Felony]: (recidivism:yes) = False
else if [juvenile-misdemeanors_>0__AND__juvenile-crimes_>0]: (recidivism:yes) = True
else (recidivism:yes) = False"
4,0.5681441099786679,0.0008054709585572709,0.43485589002133207,0.16571176729836934,0.5265654648956357,0.0062971911809121105,1021163,543433,3,"RULELIST:
 if [juvenile-crimes_=0__AND__gender_Female]: (recidivism:yes) = False
else if [priors_>3__AND__age_23-25]: (recidivism:yes) = True
else if [juvenile-misdemeanors_>0__AND__juvenile-crimes_>0]: (recidivism:yes) = True
else (recidivism:yes) = False"
Average,0.5595010087244466,0.0028856351921419015,0.4434989912755534,0.15686618545740127,0.5592605915627219,0.011357036069506287,536986.8,3.0,
