Fold#,Training accuracy,Training Unfairness(4),Training objective function,Training Sample-Robustness,Test accuracy,Test unfairness,#Nodes explored for best solution,Cache size for best solution,Average length,RL
0,0.7526628091254193,0.0,0.24733719087458073,1.0,0.7492629716981132,0.0,0,0,0,"RULELIST:
(income > 50K) = False"
1,0.7522573987395422,0.0,0.24774260126045777,1.0,0.7508844339622641,0.0,0,0,0,"RULELIST:
(income > 50K) = False"
2,0.7512714675315103,0.0,0.2487285324684897,1.0,0.754828247088309,0.0,0,0,0,"RULELIST:
(income > 50K) = False"
3,0.7531510282302646,0.012120537765201056,0.24884897176973542,0.10833579663020987,0.7593984962406015,0.007263779991052766,17722,11866,2,"RULELIST:
 if [not_occupation_blueCollar]: (income > 50K) = False
else if [capitalLoss_1881.5_to_1978.5]: (income > 50K) = True
else (income > 50K) = False"
4,0.7530773199675683,0.0,0.24692268003243167,1.0,0.7476043048798466,0.0,0,0,0,"RULELIST:
(income > 50K) = False"
Average,0.752484004718861,0.0024241075530402113,0.24791599528113908,0.8216671593260421,0.7523956907738268,0.001452755998210553,2373.2,0.4,
