Fold#,Training accuracy,Training Unfairness(5),Training objective function,Training Sample-Robustness,Test accuracy,Test unfairness,#Nodes explored for best solution,Cache size for best solution,Average length,RL
0,0.5761024182076814,0.015638528138528063,0.4268975817923186,0.00249500998003992,0.5308056872037915,0.0265552302627583,667884,375641,3,"RULELIST:
 if [priors_2-3__AND__juvenile-felonies_=0]: (recidivism:yes) = True
else if [priors_>3__AND__charge_degree_Misdemeanor]: (recidivism:yes) = True
else if [juvenile-felonies_=0__AND__juvenile-crimes_>0]: (recidivism:yes) = True
else (recidivism:yes) = False"
1,0.5789473684210527,0.018354181417669757,0.42405263157894735,0.000998502246630055,0.5829383886255924,0.13239731024826962,1464464,667770,3,"RULELIST:
 if [priors_2-3__AND__charge_degree_Felony]: (recidivism:yes) = True
else if [age_26-45__AND__juvenile-crimes_=0]: (recidivism:yes) = False
else if [priors_>3]: (recidivism:yes) = True
else (recidivism:yes) = False"
2,0.5734945471787577,0.01922596329985854,0.4295054528212423,0.0004476275738585497,0.5838862559241706,0.04771717014631366,1353857,645449,3,"RULELIST:
 if [priors_>3__AND__gender_Female]: (recidivism:yes) = True
else if [priors_2-3__AND__charge_degree_Felony]: (recidivism:yes) = True
else if [juvenile-crimes_=0]: (recidivism:yes) = False
else (recidivism:yes) = True"
3,0.5738326617681915,0.018327782876031318,0.4291673382318085,0.0010045203415369162,0.5844402277039848,0.0799694758056626,1363752,643237,3,"RULELIST:
 if [age_26-45__AND__juvenile-crimes_=0]: (recidivism:yes) = False
else if [priors_2-3]: (recidivism:yes) = True
else if [priors_>3__AND__juvenile-felonies_=0]: (recidivism:yes) = True
else (recidivism:yes) = False"
4,0.5880540412420004,0.019910782287019924,0.41494595875799956,0.0005128205128205128,0.5464895635673624,0.05841876359117737,458452,257495,3,"RULELIST:
 if [juvenile-felonies_=0__AND__juvenile-crimes_>0]: (recidivism:yes) = True
else if [priors_>3__AND__age_23-25]: (recidivism:yes) = True
else if [priors_>3__AND__gender_Female]: (recidivism:yes) = True
else (recidivism:yes) = False"
Average,0.5780862073635367,0.01829144760382152,0.42491379263646323,0.001091696130977191,0.5657120246049804,0.06901159001083632,517918.4,3.0,
