Fold#,Training accuracy,Training Unfairness(3),Training objective function,Training Sample-Robustness,Test accuracy,Test unfairness,#Nodes explored for best solution,Cache size for best solution,Average length,RL
0,0.6031294452347084,0.008673894912426983,0.39987055476529165,0.0013550135501355014,0.5876777251184834,0.032726345072219,372975,209711,3,"RULELIST:
 if [charge_degree_Felony__AND__priors_0]: (recidivism:yes) = False
else if [priors_1__AND__juvenile-crimes_=0]: (recidivism:yes) = False
else if [age_26-45__AND__charge_degree_Misdemeanor]: (recidivism:yes) = False
else (recidivism:yes) = True"
1,0.610004741583689,0.0014583817400719012,0.392995258416311,0.007674943566591422,0.604739336492891,0.08859687333623734,224308,131491,3,"RULELIST:
 if [priors_>3__AND__juvenile-crimes_=0]: (recidivism:yes) = True
else if [age_26-45__AND__juvenile-crimes_=0]: (recidivism:yes) = False
else if [charge_degree_Felony__AND__juvenile-crimes_=0]: (recidivism:yes) = False
else (recidivism:yes) = True"
2,0.5995732574679943,0.003937877137262791,0.4034267425320057,0.004923903312444047,0.6018957345971564,0.014631364773272204,495979,276089,3,"RULELIST:
 if [priors_1__AND__juvenile-crimes_=0]: (recidivism:yes) = False
else if [charge_degree_Felony__AND__priors_0]: (recidivism:yes) = False
else if [age_26-45__AND__charge_degree_Misdemeanor]: (recidivism:yes) = False
else (recidivism:yes) = True"
3,0.598483052856127,0.0016766618391765853,0.404516947143873,0.00763016157989228,0.6062618595825426,0.011650685637694613,420098,232858,3,"RULELIST:
 if [priors_1__AND__juvenile-crimes_=0]: (recidivism:yes) = False
else if [charge_degree_Felony__AND__priors_0]: (recidivism:yes) = False
else if [age_26-45__AND__charge_degree_Misdemeanor]: (recidivism:yes) = False
else (recidivism:yes) = True"
4,0.5999051908035079,0.005280829947285348,0.4030948091964921,0.003966505068312032,0.6005692599620494,0.025626698882512844,509209,279722,3,"RULELIST:
 if [age_26-45__AND__charge_degree_Misdemeanor]: (recidivism:yes) = False
else if [charge_degree_Felony__AND__priors_0]: (recidivism:yes) = False
else if [priors_1__AND__juvenile-crimes_=0]: (recidivism:yes) = False
else (recidivism:yes) = True"
Average,0.6022191375892053,0.004205529115244721,0.40078086241079464,0.0051101054154750565,0.6002287831506246,0.0346463935403872,225974.2,3.0,
