Fold#,Training accuracy,Training Unfairness(3),Training objective function,Training Sample-Robustness,Test accuracy,Test unfairness,#Nodes explored for best solution,Cache size for best solution,Average length,RL
0,0.8086831533556923,0.00040113677166794316,0.1943168466443077,0.2569777690725688,0.8061615566037735,0.0006641939781718343,89358,47627,3,"RULELIST:
 if [capitalGain_7073.5_to_inf]: (income > 50K) = True
else if [workclass_private__AND__occupation_other]: (income > 50K) = False
else if [capitalLoss_1881.5_to_1978.5]: (income > 50K) = True
else (income > 50K) = False"
1,0.8091622747208197,4.759459463861914e-05,0.1948377252791803,0.23502033217382784,0.8092570754716981,0.002383939875920277,4210761,1206414,4,"RULELIST:
 if [age_-inf_to_21.5__AND__capitalLoss_-inf_to_1534.0]: (income > 50K) = False
else if [capitalGain_7073.5_to_inf]: (income > 50K) = True
else if [occupation_other__AND__hoursPerWeek_-inf_to_34.5]: (income > 50K) = False
else if [capitalLoss_1881.5_to_1978.5]: (income > 50K) = True
else (income > 50K) = False"
2,0.8081373922016658,0.0008940741419883255,0.1958626077983342,0.27618346823644835,0.8089340999557718,3.8825527784518274e-05,7612743,2364964,4,"RULELIST:
 if [occupation_other__AND__hoursPerWeek_-inf_to_34.5]: (income > 50K) = False
else if [capitalLoss_1881.5_to_1978.5]: (income > 50K) = True
else if [occupation_blueCollar__AND__age_29.5_to_35.5]: (income > 50K) = False
else if [capitalGain_7073.5_to_inf]: (income > 50K) = True
else (income > 50K) = False"
3,0.8080268298076214,0.0007366496634592546,0.1949731701923786,0.27611940298507465,0.8136517765000737,0.0010690429035263142,113511,52875,3,"RULELIST:
 if [capitalGain_7073.5_to_inf]: (income > 50K) = True
else if [occupation_other__AND__hoursPerWeek_-inf_to_34.5]: (income > 50K) = False
else if [capitalLoss_1881.5_to_1978.5]: (income > 50K) = True
else (income > 50K) = False"
4,0.8100906611631163,0.0006334691587271569,0.19290933883688366,0.2565332289321719,0.8056906973315642,0.0011808778814161446,21685,10452,3,"RULELIST:
 if [capitalLoss_1881.5_to_1978.5]: (income > 50K) = True
else if [not_capitalGain_7073.5_to_inf]: (income > 50K) = False
else if [not_age_-inf_to_21.5]: (income > 50K) = True
else (income > 50K) = False"
Average,0.808820062249783,0.0005425848660962597,0.1945799377502169,0.26016684028001835,0.8087390411725762,0.0010673760333638174,736466.4,3.4,
