Fold#,Training accuracy,Training Unfairness(3),Training objective function,Training Sample-Robustness,Test accuracy,Test unfairness,#Nodes explored for best solution,Cache size for best solution,Average length,RL
0,0.8153539969778498,0.0010010814447673488,0.18864600302215018,0.11742238762119284,0.8120577830188679,0.0015806863370647203,1145980,313020,4,"RULELIST:
 if [capitalGain_7073.5_to_inf]: (income > 50K) = True
else if [capitalLoss_1881.5_to_1978.5]: (income > 50K) = True
else if [not_education_masters_doctorate]: (income > 50K) = False
else if [age_35.5_to_61.5__AND__occupation_whiteCollar]: (income > 50K) = True
else (income > 50K) = False"
1,0.8158331183429772,0.0028189133079984177,0.18816688165702278,0.004458380285140366,0.8176591981132075,0.000748793308876429,1070578,281765,4,"RULELIST:
 if [not_capitalGain_-inf_to_5095.5]: (income > 50K) = True
else if [capitalLoss_1881.5_to_1978.5]: (income > 50K) = True
else if [not_education_masters_doctorate]: (income > 50K) = False
else if [age_35.5_to_61.5__AND__occupation_whiteCollar]: (income > 50K) = True
else (income > 50K) = False"
2,0.8148079899756763,0.0012326945997982947,0.18919201002432373,0.12612214863870494,0.8142414860681114,0.0006729758149316509,1160899,326707,4,"RULELIST:
 if [capitalGain_7073.5_to_inf]: (income > 50K) = True
else if [capitalLoss_1881.5_to_1978.5]: (income > 50K) = True
else if [not_education_masters_doctorate]: (income > 50K) = False
else if [age_35.5_to_61.5__AND__occupation_whiteCollar]: (income > 50K) = True
else (income > 50K) = False"
3,0.8160241763101643,0.0006751057469774509,0.18797582368983567,0.004124116260801257,0.8173374613003096,0.0036946212784074554,1070601,288498,4,"RULELIST:
 if [not_capitalGain_-inf_to_5095.5]: (income > 50K) = True
else if [capitalLoss_1881.5_to_1978.5]: (income > 50K) = True
else if [not_education_masters_doctorate]: (income > 50K) = False
else if [age_35.5_to_61.5__AND__hoursPerWeek_40.5_to_inf]: (income > 50K) = True
else (income > 50K) = False"
4,0.8166875506744306,0.002214880462538163,0.18731244932556945,0.004698052265831457,0.8135043491080642,0.007500303866065721,1039754,263530,4,"RULELIST:
 if [not_capitalGain_-inf_to_5095.5]: (income > 50K) = True
else if [capitalLoss_1881.5_to_1978.5]: (income > 50K) = True
else if [not_education_masters_doctorate]: (income > 50K) = False
else if [occupation_whiteCollar]: (income > 50K) = True
else (income > 50K) = False"
Average,0.8157413664562198,0.001588535112415935,0.18825863354378036,0.05136501701433418,0.8149600555217121,0.0028394761210691955,294704.0,4.0,
