Fold#,Training accuracy,Training Unfairness(4),Training objective function,Training Sample-Robustness,Test accuracy,Test unfairness,#Nodes explored for best solution,Cache size for best solution,Average length,RL
0,0.8122212803597095,0.004510683681463568,0.19177871964029047,0.00581135449262405,0.8119103773584906,0.08193363699626754,1790821,553289,4,"RULELIST:
 if [capitalGain_7073.5_to_inf]: (income > 50K) = True
else if [education_prof_school]: (income > 50K) = True
else if [education_masters_doctorate]: (income > 50K) = True
else if [capitalLoss_1881.5_to_1978.5]: (income > 50K) = True
else (income > 50K) = False"
1,0.8177496038034865,0.014717369011018722,0.1862503961965135,0.0011901219875037191,0.8148584905660378,0.0049489899331126574,1098757,292741,4,"RULELIST:
 if [capitalGain_7073.5_to_inf]: (income > 50K) = True
else if [capitalLoss_1881.5_to_1978.5]: (income > 50K) = True
else if [education_hs_grad]: (income > 50K) = False
else if [occupation_whiteCollar__AND__hoursPerWeek_40.5_to_inf]: (income > 50K) = True
else (income > 50K) = False"
2,0.8177931746148743,0.0022888975346533336,0.18620682538512567,0.005037783375314861,0.813062066932036,0.05222325785404902,3649177,1000173,4,"RULELIST:
 if [capitalLoss_1881.5_to_1978.5]: (income > 50K) = True
else if [education_hs_grad__AND__capitalGain_-inf_to_5095.5]: (income > 50K) = False
else if [age_35.5_to_61.5__AND__occupation_whiteCollar]: (income > 50K) = True
else if [capitalGain_7073.5_to_inf]: (income > 50K) = True
else (income > 50K) = False"
3,0.8172403626446525,0.008010169288647062,0.1867596373553475,0.002808158439255099,0.8223499926286304,0.04563702290975025,1085012,295335,4,"RULELIST:
 if [not_capitalGain_-inf_to_5095.5]: (income > 50K) = True
else if [capitalLoss_1881.5_to_1978.5]: (income > 50K) = True
else if [education_hs_grad__AND__capitalLoss_-inf_to_1534.0]: (income > 50K) = False
else if [age_35.5_to_61.5__AND__occupation_whiteCollar]: (income > 50K) = True
else (income > 50K) = False"
4,0.8181617159283555,0.011805590300361879,0.1858382840716445,0.0019402985074626865,0.8186643078283945,0.028243209763857524,1075763,283935,4,"RULELIST:
 if [not_capitalGain_-inf_to_5095.5]: (income > 50K) = True
else if [capitalLoss_1881.5_to_1978.5]: (income > 50K) = True
else if [education_hs_grad__AND__capitalLoss_-inf_to_1534.0]: (income > 50K) = False
else if [age_35.5_to_61.5__AND__occupation_whiteCollar]: (income > 50K) = True
else (income > 50K) = False"
Average,0.8166332274702157,0.008266541963228912,0.18736677252978434,0.003357543360432083,0.8161690470627179,0.0425972234914074,485094.6,4.0,
