Fold#,Training accuracy,Training Unfairness(1),Training objective function,Training Sample-Robustness,Test accuracy,Test unfairness,#Nodes explored for best solution,Cache size for best solution,Average length,RL
0,0.5599810336652442,0.0038544203872497573,0.4430189663347558,0.01209103840682788,0.543127962085308,0.016078431372549024,717046,403030,3,"RULELIST:
 if [priors_>3__AND__age_23-25]: (recidivism:yes) = True
else if [gender_Male__AND__age_18-20]: (recidivism:yes) = True
else if [priors_2-3__AND__juvenile-felonies_=0]: (recidivism:yes) = True
else (recidivism:yes) = False"
1,0.5343764817449028,0.009782160894393224,0.4676235182550972,0.1116642958748222,0.5545023696682464,0.012390406759880934,14902,11214,2,"RULELIST:
 if [charge_degree_Felony__AND__priors_0]: (recidivism:yes) = False
else if [age_18-20__AND__charge_degree_Felony]: (recidivism:yes) = True
else (recidivism:yes) = False"
2,0.5604551920341394,0.0003769539485573292,0.4425448079658606,0.00948316737790422,0.5497630331753555,0.04231818114449171,1807454,815499,3,"RULELIST:
 if [age_26-45__AND__charge_degree_Misdemeanor]: (recidivism:yes) = False
else if [priors_2-3__AND__juvenile-misdemeanors_=0]: (recidivism:yes) = True
else if [juvenile-felonies_=0__AND__juvenile-crimes_>0]: (recidivism:yes) = True
else (recidivism:yes) = False"
3,0.5598483052856127,0.003469229362796117,0.4431516947143873,0.011851149561507466,0.5853889943074004,0.026118957705381224,1587054,745239,3,"RULELIST:
 if [age_26-45__AND__charge_degree_Misdemeanor]: (recidivism:yes) = False
else if [priors_2-3__AND__juvenile-felonies_=0]: (recidivism:yes) = True
else if [juvenile-crimes_>0]: (recidivism:yes) = True
else (recidivism:yes) = False"
4,0.561981512206684,0.0056269254683066205,0.441018487793316,0.012799241526428064,0.5370018975332068,0.001776712511175782,1939460,855058,3,"RULELIST:
 if [age_23-25__AND__priors_1]: (recidivism:yes) = False
else if [gender_Male__AND__age_26-45]: (recidivism:yes) = False
else if [juvenile-crimes_=0__AND__priors_0]: (recidivism:yes) = False
else (recidivism:yes) = True"
Average,0.5553285049873167,0.00462193801226061,0.44747149501268335,0.03157777854949796,0.5539568513539035,0.019736537898695734,566008.0,2.8,
