Fold#,Training accuracy,Training Unfairness(1),Training objective function,Training Sample-Robustness,Test accuracy,Test unfairness,#Nodes explored for best solution,Cache size for best solution,Average length,RL
0,0.797552795488888,0.019243830654290237,0.20644720451111198,0.0002948439170014374,0.8030660377358491,0.03243771915213482,5494861,2015428,4,"RULELIST:
 if [not_capitalGain_-inf_to_5095.5]: (income > 50K) = True
else if [education_hs_grad__AND__capitalLoss_-inf_to_1534.0]: (income > 50K) = False
else if [capitalLoss_-inf_to_1534.0__AND__workclass_selfEmployed]: (income > 50K) = False
else if [age_35.5_to_61.5__AND__occupation_professional]: (income > 50K) = True
else (income > 50K) = False"
1,0.7978476394058895,0.019714376240064557,0.20615236059411046,0.000110566468875539,0.7967275943396226,0.024211006257532336,4738360,1718882,4,"RULELIST:
 if [not_capitalGain_-inf_to_5095.5]: (income > 50K) = True
else if [workclass_selfEmployed]: (income > 50K) = False
else if [education_hs_grad__AND__capitalLoss_-inf_to_1534.0]: (income > 50K) = False
else if [age_35.5_to_61.5__AND__occupation_professional]: (income > 50K) = True
else (income > 50K) = False"
2,0.7956069875433036,0.01962891385141921,0.2083930124566964,0.0001474165253924965,0.7980244729470736,0.012190280744840104,8030982,2473607,4,"RULELIST:
 if [capitalGain_7073.5_to_inf]: (income > 50K) = True
else if [education_hs_grad__AND__capitalLoss_-inf_to_1534.0]: (income > 50K) = False
else if [workclass_selfEmployed]: (income > 50K) = False
else if [age_35.5_to_61.5__AND__occupation_professional]: (income > 50K) = True
else (income > 50K) = False"
3,0.7975602565047542,0.01964404188671115,0.20643974349524585,0.0001474165253924965,0.7975821907710453,0.022821980865382202,4706757,1737042,4,"RULELIST:
 if [not_capitalGain_-inf_to_5095.5]: (income > 50K) = True
else if [education_hs_grad__AND__workclass_private]: (income > 50K) = False
else if [capitalLoss_-inf_to_1534.0__AND__workclass_selfEmployed]: (income > 50K) = False
else if [age_35.5_to_61.5__AND__occupation_professional]: (income > 50K) = True
else (income > 50K) = False"
4,0.7972285693226211,0.01930967031476144,0.2067714306773789,0.0002579789194368689,0.7891788294265074,0.00743933936850702,7420251,2297768,4,"RULELIST:
 if [capitalGain_7073.5_to_inf]: (income > 50K) = True
else if [workclass_private__AND__hoursPerWeek_40.5_to_inf]: (income > 50K) = False
else if [education_hs_grad__AND__capitalLoss_-inf_to_1534.0]: (income > 50K) = False
else if [age_35.5_to_61.5__AND__occupation_professional]: (income > 50K) = True
else (income > 50K) = False"
Average,0.7971592496530913,0.01950816658944932,0.20684075034690874,0.00019164447121976764,0.7969158250440197,0.019820065277679298,2048545.4,4.0,
