Fold#,Training accuracy,Training Unfairness(3),Training objective function,Training Sample-Robustness,Test accuracy,Test unfairness,#Nodes explored for best solution,Cache size for best solution,Average length,RL
0,0.809641396085947,0.0002556304527516376,0.19335860391405302,0.3452649103907551,0.8071933962264151,0.0008655395914508488,78387,41701,3,"RULELIST:
 if [capitalGain_7073.5_to_inf]: (income > 50K) = True
else if [occupation_other__AND__hoursPerWeek_-inf_to_34.5]: (income > 50K) = False
else if [capitalLoss_1881.5_to_1978.5]: (income > 50K) = True
else (income > 50K) = False"
1,0.8115210260568312,0.001599341270448878,0.19247897394316882,0.3296261819607075,0.8117629716981132,0.0023364103179694985,1152806,311474,4,"RULELIST:
 if [capitalGain_7073.5_to_inf]: (income > 50K) = True
else if [capitalLoss_1881.5_to_1978.5]: (income > 50K) = True
else if [not_workclass_selfEmployed]: (income > 50K) = False
else if [education_prof_school]: (income > 50K) = True
else (income > 50K) = False"
2,0.808800766565932,0.0007658690137831974,0.19419923343406797,0.35467255334805003,0.8095238095238095,3.8825527784518274e-05,107164,56029,3,"RULELIST:
 if [occupation_other__AND__hoursPerWeek_-inf_to_34.5]: (income > 50K) = False
else if [capitalLoss_1881.5_to_1978.5]: (income > 50K) = True
else if [capitalGain_7073.5_to_inf]: (income > 50K) = True
else (income > 50K) = False"
3,0.8110488685781676,0.0009831518223121023,0.1929511314218324,0.3382757266300079,0.8166003243402624,0.0005018022111453794,1111737,307409,4,"RULELIST:
 if [capitalGain_7073.5_to_inf]: (income > 50K) = True
else if [capitalLoss_1881.5_to_1978.5]: (income > 50K) = True
else if [not_education_prof_school]: (income > 50K) = False
else if [age_35.5_to_61.5__AND__hoursPerWeek_40.5_to_inf]: (income > 50K) = True
else (income > 50K) = False"
4,0.8146974275816319,5.397398198498174e-05,0.18930257241836812,0.3042478222570226,0.8109980834439039,0.002361755762832289,1109726,301435,4,"RULELIST:
 if [capitalGain_7073.5_to_inf]: (income > 50K) = True
else if [capitalLoss_1881.5_to_1978.5]: (income > 50K) = True
else if [not_education_masters_doctorate]: (income > 50K) = False
else if [occupation_whiteCollar__AND__hoursPerWeek_40.5_to_inf]: (income > 50K) = True
else (income > 50K) = False"
Average,0.8111418969737019,0.0007315933082561594,0.19245810302629807,0.3344174389173086,0.8112157170465008,0.0012208666822365068,203609.6,3.6,
