Fold#,Training accuracy,Training Unfairness(1),Training objective function,Training Sample-Robustness,Test accuracy,Test unfairness,#Nodes explored for best solution,Cache size for best solution,Average length,RL
0,0.7526628091254193,0.0,0.24733719087458073,1.0,0.7492629716981132,0.0,0,0,0,"RULELIST:
(income > 50K) = False"
1,0.7522573987395422,0.0,0.24774260126045777,1.0,0.7508844339622641,0.0,0,0,0,"RULELIST:
(income > 50K) = False"
2,0.7512714675315103,0.0,0.2487285324684897,1.0,0.754828247088309,0.0,0,0,0,"RULELIST:
(income > 50K) = False"
3,0.7576472322547357,0.009424242119963119,0.24535276774526427,0.31694552959386746,0.7633790358248562,0.008027557089946522,575116,298261,3,"RULELIST:
 if [not_hoursPerWeek_40.5_to_inf]: (income > 50K) = False
else if [not_age_35.5_to_61.5]: (income > 50K) = False
else if [capitalLoss_1881.5_to_1978.5]: (income > 50K) = True
else (income > 50K) = False"
4,0.7530773199675683,0.0,0.24692268003243167,1.0,0.7476043048798466,0.0,0,0,0,"RULELIST:
(income > 50K) = False"
Average,0.7533832455237552,0.0018848484239926237,0.24721675447624483,0.8633891059187736,0.7531917986906779,0.0016055114179893044,59652.2,0.6,
