Fold#,Training accuracy,Training Unfairness(3),Training objective function,Training Sample-Robustness,Test accuracy,Test unfairness,#Nodes explored for best solution,Cache size for best solution,Average length,RL
0,0.8059927026130542,0.0005466430905842487,0.19800729738694578,0.3514836940554304,0.8039504716981132,0.0008655395914508488,5231661,1746186,4,"RULELIST:
 if [capitalGain_7073.5_to_inf]: (income > 50K) = True
else if [occupation_other]: (income > 50K) = False
else if [hoursPerWeek_34.5_to_40.5__AND__education_bachelors]: (income > 50K) = False
else if [capitalLoss_1881.5_to_1978.5]: (income > 50K) = True
else (income > 50K) = False"
1,0.8081671765009398,0.00022584780480494658,0.19583282349906017,0.33947381313997355,0.808372641509434,0.0020629125886008548,4722182,1509737,4,"RULELIST:
 if [age_-inf_to_21.5__AND__capitalLoss_-inf_to_1534.0]: (income > 50K) = False
else if [capitalGain_7073.5_to_inf]: (income > 50K) = True
else if [workclass_private__AND__occupation_other]: (income > 50K) = False
else if [capitalLoss_1881.5_to_1978.5]: (income > 50K) = True
else (income > 50K) = False"
2,0.793358885531068,7.411142691238042e-05,0.20864111446893197,0.3667402501839588,0.7938965059708094,0.001223004125212327,8183,6151,2,"RULELIST:
 if [age_-inf_to_21.5]: (income > 50K) = False
else if [capitalGain_7073.5_to_inf]: (income > 50K) = True
else (income > 50K) = False"
3,0.8056313112699933,0.0008828368709113904,0.19836868873000668,0.35776708562450904,0.810703228659885,0.0006738394959661278,5281204,1754677,4,"RULELIST:
 if [capitalGain_7073.5_to_inf]: (income > 50K) = True
else if [education_hs_grad__AND__occupation_sales]: (income > 50K) = False
else if [capitalGain_-inf_to_5095.5__AND__occupation_other]: (income > 50K) = False
else if [not_capitalLoss_1881.5_to_1978.5]: (income > 50K) = False
else (income > 50K) = True"
4,0.8083216628584065,0.0006701414471258216,0.19567833714159355,0.3541156895370461,0.8045112781954887,4.792684288592707e-05,4756417,1544802,4,"RULELIST:
 if [workclass_private__AND__age_-inf_to_21.5]: (income > 50K) = False
else if [capitalGain_7073.5_to_inf]: (income > 50K) = True
else if [capitalGain_-inf_to_5095.5__AND__occupation_other]: (income > 50K) = False
else if [capitalLoss_1881.5_to_1978.5]: (income > 50K) = True
else (income > 50K) = False"
Average,0.8042943477546924,0.00047991612806775756,0.19930565224530764,0.35391610650818356,0.8042868252067461,0.0009746445288232172,1312310.6,3.6,
