Fold#,Training accuracy,Training Unfairness(5),Training objective function,Training Sample-Robustness,Test accuracy,Test unfairness,#Nodes explored for best solution,Cache size for best solution,Average length,RL
0,0.812110713890834,0.010137488149580817,0.191889286109166,0.00581135449262405,0.8120577830188679,0.0778452584298095,1352798,409236,4,"RULELIST:
 if [capitalGain_7073.5_to_inf]: (income > 50K) = True
else if [capitalLoss_1881.5_to_1978.5]: (income > 50K) = True
else if [not_education_masters_doctorate]: (income > 50K) = False
else if [capitalGain_-inf_to_5095.5__AND__hoursPerWeek_-inf_to_34.5]: (income > 50K) = False
else (income > 50K) = True"
1,0.8177496038034865,0.014717369011018722,0.1862503961965135,0.0011901219875037191,0.8148584905660378,0.010201984399598674,1098757,292741,4,"RULELIST:
 if [capitalGain_7073.5_to_inf]: (income > 50K) = True
else if [capitalLoss_1881.5_to_1978.5]: (income > 50K) = True
else if [education_hs_grad]: (income > 50K) = False
else if [occupation_whiteCollar__AND__hoursPerWeek_40.5_to_inf]: (income > 50K) = True
else (income > 50K) = False"
2,0.8177931746148743,0.0022888975346533336,0.18620682538512567,0.005037783375314861,0.813062066932036,0.05222325785404902,3649177,1000173,4,"RULELIST:
 if [capitalLoss_1881.5_to_1978.5]: (income > 50K) = True
else if [education_hs_grad__AND__capitalGain_-inf_to_5095.5]: (income > 50K) = False
else if [age_35.5_to_61.5__AND__occupation_whiteCollar]: (income > 50K) = True
else if [capitalGain_7073.5_to_inf]: (income > 50K) = True
else (income > 50K) = False"
3,0.8172403626446525,0.008010169288647062,0.1867596373553475,0.002808158439255099,0.8223499926286304,0.04563702290975025,1085012,295335,4,"RULELIST:
 if [not_capitalGain_-inf_to_5095.5]: (income > 50K) = True
else if [capitalLoss_1881.5_to_1978.5]: (income > 50K) = True
else if [education_hs_grad__AND__capitalLoss_-inf_to_1534.0]: (income > 50K) = False
else if [age_35.5_to_61.5__AND__occupation_whiteCollar]: (income > 50K) = True
else (income > 50K) = False"
4,0.8181617159283555,0.011805590300361879,0.1858382840716445,0.0019402985074626865,0.8186643078283945,0.028243209763857524,1075763,283935,4,"RULELIST:
 if [not_capitalGain_-inf_to_5095.5]: (income > 50K) = True
else if [capitalLoss_1881.5_to_1978.5]: (income > 50K) = True
else if [education_hs_grad__AND__capitalLoss_-inf_to_1534.0]: (income > 50K) = False
else if [age_35.5_to_61.5__AND__occupation_whiteCollar]: (income > 50K) = True
else (income > 50K) = False"
Average,0.8166111141764405,0.009391902856852364,0.18738888582355945,0.003357543360432083,0.8161985281947933,0.042830146671412994,456284.0,4.0,
