Fold#,Training accuracy,Training Unfairness(5),Training objective function,Training Sample-Robustness,Test accuracy,Test unfairness,#Nodes explored for best solution,Cache size for best solution,Average length,RL
0,0.8103047948992003,0.001961159330626693,0.19369520510079974,0.0012241700127313682,0.8085200471698113,0.04971689757702291,5515036,1638354,4,"RULELIST:
 if [education_hs_grad__AND__hoursPerWeek_40.5_to_inf]: (income > 50K) = False
else if [occupation_whiteCollar__AND__hoursPerWeek_40.5_to_inf]: (income > 50K) = True
else if [capitalLoss_1881.5_to_1978.5]: (income > 50K) = True
else if [capitalGain_-inf_to_5095.5]: (income > 50K) = False
else (income > 50K) = True"
1,0.8106364943058268,0.0023200994099451533,0.19336350569417315,0.001487652484379649,0.8116155660377359,0.03356192149179105,1250947,357388,4,"RULELIST:
 if [capitalGain_7073.5_to_inf]: (income > 50K) = True
else if [capitalLoss_1881.5_to_1978.5]: (income > 50K) = True
else if [capitalGain_-inf_to_5095.5__AND__hoursPerWeek_34.5_to_40.5]: (income > 50K) = False
else if [education_masters_doctorate__AND__capitalLoss_-inf_to_1534.0]: (income > 50K) = True
else (income > 50K) = False"
2,0.8161715928355568,0.002407933742856269,0.18782840716444316,0.0013335308934656986,0.8163054695562435,0.055759635944953145,1128443,314740,4,"RULELIST:
 if [not_capitalGain_-inf_to_5095.5]: (income > 50K) = True
else if [capitalLoss_1881.5_to_1978.5]: (income > 50K) = True
else if [not_education_masters_doctorate]: (income > 50K) = False
else if [age_35.5_to_61.5__AND__occupation_whiteCollar]: (income > 50K) = True
else (income > 50K) = False"
3,0.812928429276922,0.0018591995225559765,0.191071570723078,0.0014779781259237363,0.8180745982603568,0.02685361776270867,1185139,342148,4,"RULELIST:
 if [capitalGain_7073.5_to_inf]: (income > 50K) = True
else if [capitalLoss_1881.5_to_1978.5]: (income > 50K) = True
else if [not_education_masters_doctorate]: (income > 50K) = False
else if [occupation_whiteCollar__AND__hoursPerWeek_40.5_to_inf]: (income > 50K) = True
else (income > 50K) = False"
4,0.8146974275816319,0.0003634306743828253,0.18930257241836812,0.0011940298507462687,0.8109980834439039,0.019084377567120003,1183988,332633,4,"RULELIST:
 if [capitalGain_7073.5_to_inf]: (income > 50K) = True
else if [capitalLoss_1881.5_to_1978.5]: (income > 50K) = True
else if [not_education_masters_doctorate]: (income > 50K) = False
else if [occupation_whiteCollar__AND__hoursPerWeek_40.5_to_inf]: (income > 50K) = True
else (income > 50K) = False"
Average,0.8129477477798275,0.0017823645360733834,0.19105225222017244,0.0013434722734493442,0.8131027528936103,0.036995290068719155,597052.6,4.0,
