Fold#,Training accuracy,Training Unfairness(3),Training objective function,Training Sample-Robustness,Test accuracy,Test unfairness,#Nodes explored for best solution,Cache size for best solution,Average length,RL
0,0.784395385692699,1.7645431561747247e-05,0.21860461430730105,0.37655469591616886,0.7813974056603774,0.0002013456132790144,608348,300567,3,"RULELIST:
 if [occupation_blueCollar__AND__hoursPerWeek_34.5_to_40.5]: (income > 50K) = False
else if [education_hs_grad__AND__workclass_private]: (income > 50K) = False
else if [capitalGain_7073.5_to_inf]: (income > 50K) = True
else (income > 50K) = False"
1,0.7833265764935687,6.959500512290908e-05,0.21967342350643126,0.3711724070354221,0.7822818396226415,0.0009630818619582664,1291838,490149,3,"RULELIST:
 if [occupation_other__AND__hoursPerWeek_-inf_to_34.5]: (income > 50K) = False
else if [workclass_private__AND__hoursPerWeek_34.5_to_40.5]: (income > 50K) = False
else if [not_capitalGain_7073.5_to_inf]: (income > 50K) = False
else (income > 50K) = True"
2,0.7512714675315103,0.0,0.2487285324684897,1.0,0.754828247088309,0.0,0,0,0,"RULELIST:
(income > 50K) = False"
3,0.787683349303457,0.0003002510567351654,0.21531665069654304,0.3764728986645719,0.7950759251068849,0.00039520340756018656,611681,295158,3,"RULELIST:
 if [hoursPerWeek_34.5_to_40.5__AND__age_29.5_to_35.5]: (income > 50K) = False
else if [workclass_private__AND__occupation_other]: (income > 50K) = False
else if [capitalGain_7073.5_to_inf]: (income > 50K) = True
else (income > 50K) = False"
4,0.7879413282228938,0.00014011734970020812,0.21505867177710625,0.37599099539982384,0.7847560076662243,0.0005159958720330237,656429,307137,3,"RULELIST:
 if [occupation_other__AND__hoursPerWeek_-inf_to_34.5]: (income > 50K) = False
else if [education_hs_grad__AND__hoursPerWeek_34.5_to_40.5]: (income > 50K) = False
else if [capitalGain_7073.5_to_inf]: (income > 50K) = True
else (income > 50K) = False"
Average,0.7789236214488258,0.00010552176862400598,0.22347637855117428,0.5000381994031973,0.7796678850288875,0.0004151253509660982,278602.2,2.4,
