Fold#,Training accuracy,Training Unfairness(1),Training objective function,Training Sample-Robustness,Test accuracy,Test unfairness,#Nodes explored for best solution,Cache size for best solution,Average length,RL
0,0.797331662551137,0.01898230192126034,0.20666833744886304,0.00036855489625179673,0.8024764150943396,0.03291407691827117,5579452,2011371,4,"RULELIST:
 if [not_capitalGain_-inf_to_5095.5]: (income > 50K) = True
else if [education_hs_grad__AND__age_35.5_to_61.5]: (income > 50K) = False
else if [capitalLoss_-inf_to_1534.0__AND__workclass_selfEmployed]: (income > 50K) = False
else if [age_35.5_to_61.5__AND__occupation_professional]: (income > 50K) = True
else (income > 50K) = False"
1,0.7977002174473888,0.018806458741089577,0.20629978255261117,0.000442265875502156,0.7970224056603774,0.02613139585607921,5648777,1993830,4,"RULELIST:
 if [not_capitalGain_-inf_to_5095.5]: (income > 50K) = True
else if [education_hs_grad__AND__workclass_private]: (income > 50K) = False
else if [capitalLoss_-inf_to_1534.0__AND__workclass_selfEmployed]: (income > 50K) = False
else if [age_35.5_to_61.5__AND__occupation_professional]: (income > 50K) = True
else (income > 50K) = False"
2,0.7953121544925186,0.01953664197065691,0.20868784550748143,0.00018427065674062062,0.7977296181630547,0.011752931083786097,8020715,2448439,4,"RULELIST:
 if [capitalGain_7073.5_to_inf]: (income > 50K) = True
else if [education_hs_grad__AND__age_35.5_to_61.5]: (income > 50K) = False
else if [age_35.5_to_61.5__AND__workclass_selfEmployed]: (income > 50K) = False
else if [age_35.5_to_61.5__AND__occupation_professional]: (income > 50K) = True
else (income > 50K) = False"
3,0.796307216038918,0.01951536829925163,0.20669278396108204,0.00018427065674062062,0.7938965059708094,0.018215234072056816,88830,44466,3,"RULELIST:
 if [not_capitalGain_-inf_to_5095.5]: (income > 50K) = True
else if [capitalLoss_-inf_to_1534.0__AND__workclass_selfEmployed]: (income > 50K) = False
else if [age_35.5_to_61.5__AND__occupation_professional]: (income > 50K) = True
else (income > 50K) = False"
4,0.796602049089703,0.018897186215242376,0.207397950910297,0.00040539544482936536,0.7882942650744509,0.004939671388955513,6782411,2326102,4,"RULELIST:
 if [not_capitalGain_-inf_to_5095.5]: (income > 50K) = True
else if [workclass_private__AND__hoursPerWeek_40.5_to_inf]: (income > 50K) = False
else if [education_hs_grad__AND__workclass_selfEmployed]: (income > 50K) = False
else if [age_35.5_to_61.5__AND__occupation_professional]: (income > 50K) = True
else (income > 50K) = False"
Average,0.7966506599239331,0.019147591429500167,0.20714934007606695,0.0003169515060129119,0.7958838419926064,0.01879066186382976,1764841.6,3.8,
