Fold#,Training accuracy,Training Unfairness(4),Training objective function,Training Sample-Robustness,Test accuracy,Test unfairness,#Nodes explored for best solution,Cache size for best solution,Average length,RL
0,0.8160911067703535,0.0012139484005229129,0.18790889322964655,0.000894054537326777,0.8147110849056604,0.04414183589548937,1216328,347786,4,"RULELIST:
 if [not_capitalGain_-inf_to_5095.5]: (income > 50K) = True
else if [capitalLoss_1881.5_to_1978.5]: (income > 50K) = True
else if [not_age_35.5_to_61.5]: (income > 50K) = False
else if [education_masters_doctorate__AND__capitalLoss_-inf_to_1534.0]: (income > 50K) = True
else (income > 50K) = False"
1,0.8131795230899642,0.0021437016365452033,0.19082047691003579,0.0007438262421898245,0.8135318396226415,0.0006418485237483784,1346130,370917,4,"RULELIST:
 if [not_capitalGain_-inf_to_5095.5]: (income > 50K) = True
else if [capitalLoss_-inf_to_1534.0__AND__hoursPerWeek_34.5_to_40.5]: (income > 50K) = False
else if [age_35.5_to_61.5__AND__education_bachelors]: (income > 50K) = True
else if [not_capitalLoss_1881.5_to_1978.5]: (income > 50K) = False
else (income > 50K) = True"
2,0.8179405911402668,0.0004333174827650943,0.18605940885973316,0.0013335308934656986,0.8127672121480171,0.04837710400789519,1144467,318202,4,"RULELIST:
 if [capitalGain_7073.5_to_inf]: (income > 50K) = True
else if [education_hs_grad__AND__capitalLoss_-inf_to_1534.0]: (income > 50K) = False
else if [capitalLoss_1881.5_to_1978.5]: (income > 50K) = True
else if [age_35.5_to_61.5__AND__occupation_whiteCollar]: (income > 50K) = True
else (income > 50K) = False"
3,0.8157293432593794,0.0011762454723316385,0.1882706567406206,0.0008867868755542418,0.8216128556685832,0.04521320430411335,1131706,317381,4,"RULELIST:
 if [capitalGain_7073.5_to_inf]: (income > 50K) = True
else if [capitalLoss_1881.5_to_1978.5]: (income > 50K) = True
else if [education_hs_grad__AND__capitalLoss_-inf_to_1534.0]: (income > 50K) = False
else if [age_35.5_to_61.5__AND__occupation_whiteCollar]: (income > 50K) = True
else (income > 50K) = False"
4,0.8153976560772462,0.0018685756853065172,0.18860234392275377,0.0007462686567164179,0.8120300751879699,0.006337119088289378,1167545,326912,4,"RULELIST:
 if [capitalGain_7073.5_to_inf]: (income > 50K) = True
else if [education_hs_grad__AND__hoursPerWeek_40.5_to_inf]: (income > 50K) = False
else if [occupation_whiteCollar__AND__hoursPerWeek_40.5_to_inf]: (income > 50K) = True
else if [capitalLoss_1881.5_to_1978.5]: (income > 50K) = True
else (income > 50K) = False"
Average,0.8156676440674421,0.0013671577354942733,0.18833235593255798,0.000920893441050592,0.8149306135065745,0.028942222363907134,336239.6,4.0,
