Fold#,Training accuracy,Training Unfairness(3),Training objective function,Training Sample-Robustness,Test accuracy,Test unfairness,#Nodes explored for best solution,Cache size for best solution,Average length,RL
0,0.784395385692699,1.7645431561747247e-05,0.21860461430730105,0.37337185388306726,0.7813974056603774,0.0002013456132790144,608348,300567,3,"RULELIST:
 if [occupation_blueCollar__AND__hoursPerWeek_34.5_to_40.5]: (income > 50K) = False
else if [education_hs_grad__AND__workclass_private]: (income > 50K) = False
else if [capitalGain_7073.5_to_inf]: (income > 50K) = True
else (income > 50K) = False"
1,0.7833265764935687,6.959500512290908e-05,0.21967342350643126,0.3662730880407623,0.7822818396226415,0.0009630818619582664,1291838,490149,3,"RULELIST:
 if [occupation_other__AND__hoursPerWeek_-inf_to_34.5]: (income > 50K) = False
else if [workclass_private__AND__hoursPerWeek_34.5_to_40.5]: (income > 50K) = False
else if [not_capitalGain_7073.5_to_inf]: (income > 50K) = False
else (income > 50K) = True"
2,0.7512714675315103,0.0,0.2487285324684897,1.0,0.754828247088309,0.0,0,0,0,"RULELIST:
(income > 50K) = False"
3,0.7818235424191052,0.0003489801258858774,0.22117645758089477,0.3780930871956009,0.7896211116025358,0.001221143157208957,625499,309278,3,"RULELIST:
 if [workclass_private__AND__hoursPerWeek_34.5_to_40.5]: (income > 50K) = False
else if [age_-inf_to_21.5]: (income > 50K) = False
else if [capitalGain_7073.5_to_inf]: (income > 50K) = True
else (income > 50K) = False"
4,0.7879413282228938,0.00014011734970020812,0.21505867177710625,0.3728100225115004,0.7847560076662243,0.0005159958720330237,656429,307137,3,"RULELIST:
 if [occupation_other__AND__hoursPerWeek_-inf_to_34.5]: (income > 50K) = False
else if [education_hs_grad__AND__hoursPerWeek_34.5_to_40.5]: (income > 50K) = False
else if [capitalGain_7073.5_to_inf]: (income > 50K) = True
else (income > 50K) = False"
Average,0.7777516600719554,0.00011526758245414838,0.22464833992804462,0.4981096103261862,0.7785769223280176,0.0005803133008958523,281426.2,2.4,
