Fold#,Training accuracy,Training Unfairness(1),Training objective function,Training Sample-Robustness,Test accuracy,Test unfairness,#Nodes explored for best solution,Cache size for best solution,Average length,RL
0,0.7721225076475141,0.0001444263152553249,0.2308774923524859,0.0053440459956510524,0.7753537735849056,0.014100328931195602,319284,160968,3,"RULELIST:
 if [age_35.5_to_61.5__AND__occupation_professional]: (income > 50K) = True
else if [age_35.5_to_61.5__AND__capitalLoss_-inf_to_1534.0]: (income > 50K) = False
else if [capitalGain_7073.5_to_inf]: (income > 50K) = True
else (income > 50K) = False"
1,0.7709799874691335,0.0014123691345187123,0.23202001253086646,0.005712600891902849,0.7735849056603774,0.011420008823145228,182566,101150,3,"RULELIST:
 if [capitalLoss_1881.5_to_1978.5]: (income > 50K) = True
else if [capitalLoss_-inf_to_1534.0__AND__workclass_selfEmployed]: (income > 50K) = False
else if [age_35.5_to_61.5__AND__occupation_professional]: (income > 50K) = True
else (income > 50K) = False"
2,0.7697722414682686,0.0002940910782905509,0.2332277585317314,0.005233286651433626,0.7695709862892526,0.00730710356776397,167082,91939,3,"RULELIST:
 if [capitalGain_-inf_to_5095.5__AND__hoursPerWeek_40.5_to_inf]: (income > 50K) = False
else if [workclass_private__AND__hoursPerWeek_40.5_to_inf]: (income > 50K) = True
else if [age_35.5_to_61.5__AND__occupation_professional]: (income > 50K) = True
else (income > 50K) = False"
3,0.770472469963883,0.00041125063494612535,0.23252753003611704,0.0053438490454779984,0.7757629367536488,0.005724779341951189,212359,113671,3,"RULELIST:
 if [education_hs_grad__AND__capitalGain_-inf_to_5095.5]: (income > 50K) = False
else if [age_35.5_to_61.5__AND__occupation_professional]: (income > 50K) = True
else if [education_hs_grad__AND__hoursPerWeek_34.5_to_40.5]: (income > 50K) = True
else (income > 50K) = False"
4,0.7694405542861354,0.00020016409246813305,0.23355944571386456,0.0052701407827817496,0.7623470440807902,0.010596705167823947,344747,166926,3,"RULELIST:
 if [capitalGain_-inf_to_5095.5__AND__workclass_selfEmployed]: (income > 50K) = False
else if [workclass_selfEmployed]: (income > 50K) = True
else if [age_35.5_to_61.5__AND__occupation_professional]: (income > 50K) = True
else (income > 50K) = False"
Average,0.770557552166987,0.0004924602510957693,0.23244244783301307,0.005380784673449455,0.7713239292737949,0.009829785166375987,126930.8,3.0,
