Fold#,Training accuracy,Training Unfairness(4),Training objective function,Training Sample-Robustness,Test accuracy,Test unfairness,#Nodes explored for best solution,Cache size for best solution,Average length,RL
0,0.5815552394499763,0.007616341991342035,0.42144476055002367,0.001996007984031936,0.5630331753554503,0.03298671963235583,619766,350360,3,"RULELIST:
 if [age_26-45__AND__priors_0]: (recidivism:yes) = False
else if [juvenile-misdemeanors_=0__AND__age_26-45]: (recidivism:yes) = True
else if [priors_>3__AND__juvenile-misdemeanors_=0]: (recidivism:yes) = True
else (recidivism:yes) = False"
1,0.5832147937411095,0.009415916472796382,0.4197852062588905,0.000998502246630055,0.566824644549763,0.09132140955611212,810551,433397,3,"RULELIST:
 if [priors_2-3__AND__gender_Male]: (recidivism:yes) = True
else if [age_26-45__AND__charge_degree_Felony]: (recidivism:yes) = True
else if [priors_>3__AND__juvenile-crimes_=0]: (recidivism:yes) = True
else (recidivism:yes) = False"
2,0.5746799431009957,0.008162063089733218,0.4283200568990043,0.0015120967741935483,0.5706161137440758,0.11307154384077461,545865,308430,3,"RULELIST:
 if [juvenile-felonies_=0__AND__juvenile-crimes_>0]: (recidivism:yes) = True
else if [age_18-20__AND__priors_0]: (recidivism:yes) = True
else if [age_26-45__AND__charge_degree_Felony]: (recidivism:yes) = True
else (recidivism:yes) = False"
3,0.5795212135577151,0.006653784494945969,0.42347878644228487,0.0025113008538422904,0.571157495256167,0.03803784217426187,659118,372744,3,"RULELIST:
 if [age_26-45__AND__priors_0]: (recidivism:yes) = False
else if [juvenile-misdemeanors_=0__AND__age_26-45]: (recidivism:yes) = True
else if [priors_>3__AND__juvenile-misdemeanors_=0]: (recidivism:yes) = True
else (recidivism:yes) = False"
4,0.5835506044086276,0.008983943920294668,0.4194493955913724,0.0005128205128205128,0.547438330170778,0.03720099409754585,436258,244247,3,"RULELIST:
 if [priors_>3__AND__gender_Female]: (recidivism:yes) = True
else if [gender_Male__AND__juvenile-crimes_>0]: (recidivism:yes) = True
else if [priors_2-3__AND__charge_degree_Felony]: (recidivism:yes) = True
else (recidivism:yes) = False"
Average,0.5805043588516849,0.008166409993822454,0.4224956411483151,0.0015061456743036684,0.5638139518152468,0.06252370186021006,341835.6,3.0,
