Fold#,Training accuracy,Training Unfairness(4),Training objective function,Training Sample-Robustness,Test accuracy,Test unfairness,#Nodes explored for best solution,Cache size for best solution,Average length,RL
0,0.7526628091254193,0.0,0.24733719087458073,1.0,0.7492629716981132,0.0,0,0,0,"RULELIST:
(income > 50K) = False"
1,0.7522573987395422,0.0,0.24774260126045777,1.0,0.7508844339622641,0.0,0,0,0,"RULELIST:
(income > 50K) = False"
2,0.7512714675315103,0.0,0.2487285324684897,1.0,0.754828247088309,0.0,0,0,0,"RULELIST:
(income > 50K) = False"
3,0.7506449472985922,0.0,0.2493550527014078,1.0,0.7573345127524694,0.0,0,0,0,"RULELIST:
(income > 50K) = False"
4,0.7552517137171076,0.004728768143737905,0.24674828628289236,0.028955223880597014,0.7502579979360166,0.008665945156537291,19618,12560,2,"RULELIST:
 if [not_occupation_sales]: (income > 50K) = False
else if [capitalLoss_1881.5_to_1978.5]: (income > 50K) = True
else (income > 50K) = False"
Average,0.7524176672824343,0.0009457536287475809,0.2479823327175657,0.8057910447761195,0.7525136326874344,0.0017331890313074584,2512.0,0.4,
