Fold#,Training accuracy,Training Unfairness(5),Training objective function,Training Sample-Robustness,Test accuracy,Test unfairness,#Nodes explored for best solution,Cache size for best solution,Average length,RL
0,0.8160911067703535,0.009797699439570342,0.18790889322964655,0.00014690040152776418,0.8147110849056604,0.04414183589548937,1168829,314618,4,"RULELIST:
 if [not_capitalGain_-inf_to_5095.5]: (income > 50K) = True
else if [capitalLoss_1881.5_to_1978.5]: (income > 50K) = True
else if [not_age_35.5_to_61.5]: (income > 50K) = False
else if [education_masters_doctorate__AND__capitalLoss_-inf_to_1534.0]: (income > 50K) = True
else (income > 50K) = False"
1,0.815390852467475,0.008901879187306262,0.188609147532525,0.0007348978491989613,0.8175117924528302,0.015105961308920612,1086230,288244,4,"RULELIST:
 if [not_capitalGain_-inf_to_5095.5]: (income > 50K) = True
else if [capitalLoss_1881.5_to_1978.5]: (income > 50K) = True
else if [not_education_masters_doctorate]: (income > 50K) = False
else if [age_35.5_to_61.5__AND__capitalLoss_-inf_to_1534.0]: (income > 50K) = True
else (income > 50K) = False"
2,0.819193631606103,0.005546155002089326,0.18480636839389697,0.0010371906949177656,0.8145363408521303,0.0525193267174735,1083648,288916,4,"RULELIST:
 if [not_capitalGain_-inf_to_5095.5]: (income > 50K) = True
else if [education_hs_grad__AND__capitalLoss_-inf_to_1534.0]: (income > 50K) = False
else if [capitalLoss_1881.5_to_1978.5]: (income > 50K) = True
else if [age_35.5_to_61.5__AND__occupation_whiteCollar]: (income > 50K) = True
else (income > 50K) = False"
3,0.8172403626446525,0.008010169288647062,0.1867596373553475,0.0005911912503694946,0.8223499926286304,0.04563702290975025,1085012,296075,4,"RULELIST:
 if [not_capitalGain_-inf_to_5095.5]: (income > 50K) = True
else if [capitalLoss_1881.5_to_1978.5]: (income > 50K) = True
else if [education_hs_grad__AND__capitalLoss_-inf_to_1534.0]: (income > 50K) = False
else if [age_35.5_to_61.5__AND__occupation_whiteCollar]: (income > 50K) = True
else (income > 50K) = False"
4,0.8168718213311712,0.008973888583134637,0.1871281786688288,0.00029850746268656717,0.8133569217160549,0.008146979436961299,1147520,317387,4,"RULELIST:
 if [not_capitalGain_-inf_to_5095.5]: (income > 50K) = True
else if [education_hs_grad__AND__hoursPerWeek_40.5_to_inf]: (income > 50K) = False
else if [occupation_whiteCollar__AND__hoursPerWeek_40.5_to_inf]: (income > 50K) = True
else if [capitalLoss_1881.5_to_1978.5]: (income > 50K) = True
else (income > 50K) = False"
Average,0.8169575549639511,0.008245958300149524,0.18704244503604897,0.0005617375317401106,0.8164932265110613,0.033110225253719004,301048.0,4.0,
