Fold#,Training accuracy,Training Unfairness(3),Training objective function,Training Sample-Robustness,Test accuracy,Test unfairness,#Nodes explored for best solution,Cache size for best solution,Average length,RL
0,0.8079460435631888,0.00033942342218056714,0.19605395643681123,0.2763686220742337,0.8058667452830188,0.0008655395914508488,4815299,1554515,4,"RULELIST:
 if [education_hs_grad__AND__age_-inf_to_21.5]: (income > 50K) = False
else if [capitalGain_-inf_to_5095.5__AND__occupation_other]: (income > 50K) = False
else if [capitalGain_7073.5_to_inf]: (income > 50K) = True
else if [capitalLoss_1881.5_to_1978.5]: (income > 50K) = True
else (income > 50K) = False"
1,0.808204031990565,0.00014673388075431368,0.195795968009435,0.2545196217725736,0.808372641509434,0.0020629125886008548,4713914,1507754,4,"RULELIST:
 if [workclass_private__AND__age_-inf_to_21.5]: (income > 50K) = False
else if [capitalGain_7073.5_to_inf]: (income > 50K) = True
else if [workclass_private__AND__occupation_other]: (income > 50K) = False
else if [capitalLoss_1881.5_to_1978.5]: (income > 50K) = True
else (income > 50K) = False"
2,0.8017984816097885,0.00029445921579413826,0.2012015183902115,0.3147412312975227,0.8045112781954887,0.0005920892987139044,79023,42043,3,"RULELIST:
 if [capitalGain_7073.5_to_inf]: (income > 50K) = True
else if [not_hoursPerWeek_40.5_to_inf]: (income > 50K) = False
else if [capitalLoss_1881.5_to_1978.5]: (income > 50K) = True
else (income > 50K) = False"
3,0.8069212058671777,0.0008341078017606782,0.19707879413282225,0.2956598586017282,0.8124723573639983,0.0006738394959661278,4946400,1636743,4,"RULELIST:
 if [capitalGain_7073.5_to_inf]: (income > 50K) = True
else if [hoursPerWeek_34.5_to_40.5__AND__occupation_other]: (income > 50K) = False
else if [occupation_other__AND__hoursPerWeek_-inf_to_34.5]: (income > 50K) = False
else if [capitalLoss_1881.5_to_1978.5]: (income > 50K) = True
else (income > 50K) = False"
4,0.8100538070317682,0.0008102587968260298,0.1939461929682318,0.2760595086620339,0.8056906973315642,0.0006648820093831207,4412384,1358938,4,"RULELIST:
 if [age_-inf_to_21.5__AND__capitalLoss_-inf_to_1534.0]: (income > 50K) = False
else if [capitalGain_7073.5_to_inf]: (income > 50K) = True
else if [occupation_other__AND__hoursPerWeek_-inf_to_34.5]: (income > 50K) = False
else if [capitalLoss_1881.5_to_1978.5]: (income > 50K) = True
else (income > 50K) = False"
Average,0.8069847140124976,0.0004849966234631454,0.19681528598750236,0.2834697684816184,0.8073827439367008,0.0009718525968229712,1219998.6,3.8,
