Fold#,Training accuracy,Training Unfairness(3),Training objective function,Training Sample-Robustness,Test accuracy,Test unfairness,#Nodes explored for best solution,Cache size for best solution,Average length,RL
0,0.8122581358493347,0.0014415779801086777,0.1917418641506653,0.10885319753207326,0.808814858490566,0.0029993100009105753,1232458,340308,4,"RULELIST:
 if [capitalGain_7073.5_to_inf]: (income > 50K) = True
else if [capitalLoss_1881.5_to_1978.5]: (income > 50K) = True
else if [not_workclass_selfEmployed]: (income > 50K) = False
else if [not_education_prof_school]: (income > 50K) = False
else (income > 50K) = True"
1,0.8115210260568312,0.001599341270448878,0.19247897394316882,0.07167703689187203,0.8117629716981132,0.0023364103179694985,1152806,311474,4,"RULELIST:
 if [capitalGain_7073.5_to_inf]: (income > 50K) = True
else if [capitalLoss_1881.5_to_1978.5]: (income > 50K) = True
else if [not_workclass_selfEmployed]: (income > 50K) = False
else if [education_prof_school]: (income > 50K) = True
else (income > 50K) = False"
2,0.8122650549126557,0.0005629412304024939,0.19173494508734434,0.03198430218297768,0.8135043491080642,0.0001957453692469466,1147599,323871,4,"RULELIST:
 if [capitalGain_7073.5_to_inf]: (income > 50K) = True
else if [capitalLoss_1881.5_to_1978.5]: (income > 50K) = True
else if [not_education_prof_school]: (income > 50K) = False
else if [age_35.5_to_61.5__AND__occupation_professional]: (income > 50K) = True
else (income > 50K) = False"
3,0.8137760742979288,0.00103551312526048,0.19022392570207125,0.002356637863315004,0.8183694530443757,0.0014742148266555536,1095322,300043,4,"RULELIST:
 if [capitalGain_7073.5_to_inf]: (income > 50K) = True
else if [capitalLoss_1881.5_to_1978.5]: (income > 50K) = True
else if [not_education_masters_doctorate]: (income > 50K) = False
else if [age_35.5_to_61.5__AND__occupation_whiteCollar]: (income > 50K) = True
else (income > 50K) = False"
4,0.8162821552296012,0.001330242638301787,0.18771784477039877,0.0023000880884799842,0.8123249299719888,0.004058629516281456,1085858,289763,4,"RULELIST:
 if [not_capitalGain_-inf_to_5095.5]: (income > 50K) = True
else if [capitalLoss_1881.5_to_1978.5]: (income > 50K) = True
else if [not_education_masters_doctorate]: (income > 50K) = False
else if [occupation_whiteCollar__AND__hoursPerWeek_40.5_to_inf]: (income > 50K) = True
else (income > 50K) = False"
Average,0.8132204892692702,0.0011939232489044632,0.19077951073072968,0.043434252511743585,0.8129553124626214,0.002212862006212806,313091.8,4.0,
