Fold#,Training accuracy,Training Unfairness(3),Training objective function,Training Sample-Robustness,Test accuracy,Test unfairness,#Nodes explored for best solution,Cache size for best solution,Average length,RL
0,0.8028968414845391,8.813583585125717e-05,0.2011031585154609,0.36411712858681816,0.8001179245283019,0.0004327697957254244,6027246,2161241,4,"RULELIST:
 if [education_hs_grad__AND__age_-inf_to_21.5]: (income > 50K) = False
else if [capitalGain_7073.5_to_inf]: (income > 50K) = True
else if [not_hoursPerWeek_40.5_to_inf]: (income > 50K) = False
else if [capitalLoss_1881.5_to_1978.5]: (income > 50K) = True
else (income > 50K) = False"
1,0.8037813732355434,0.00013721496182659003,0.20021862676445656,0.35716035471069524,0.8043926886792453,0.001099830726642588,5432680,1786054,4,"RULELIST:
 if [capitalGain_7073.5_to_inf]: (income > 50K) = True
else if [capitalGain_-inf_to_5095.5__AND__occupation_other]: (income > 50K) = False
else if [workclass_private__AND__hoursPerWeek_34.5_to_40.5]: (income > 50K) = False
else if [not_capitalLoss_1881.5_to_1978.5]: (income > 50K) = False
else (income > 50K) = True"
2,0.7896734723962556,0.0003792671373124293,0.21332652760374438,0.37792494481236205,0.7909479581306207,0.001223004125212327,798508,375043,3,"RULELIST:
 if [workclass_private__AND__occupation_other]: (income > 50K) = False
else if [occupation_blueCollar__AND__age_29.5_to_35.5]: (income > 50K) = False
else if [capitalGain_7073.5_to_inf]: (income > 50K) = True
else (income > 50K) = False"
3,0.8017616274784404,0.000503043975168907,0.20223837252155963,0.3688629222309505,0.8068701164676397,0.0007904068151203731,6973497,2428528,4,"RULELIST:
 if [capitalGain_7073.5_to_inf]: (income > 50K) = True
else if [hoursPerWeek_34.5_to_40.5]: (income > 50K) = False
else if [occupation_other__AND__hoursPerWeek_-inf_to_34.5]: (income > 50K) = False
else if [not_capitalLoss_1881.5_to_1978.5]: (income > 50K) = False
else (income > 50K) = True"
4,0.8064421021596521,0.0008285949410253622,0.19755789784034794,0.36155427229127923,0.8021524399233377,0.00027125604891107256,5556853,1833989,4,"RULELIST:
 if [capitalGain_7073.5_to_inf]: (income > 50K) = True
else if [occupation_other]: (income > 50K) = False
else if [hoursPerWeek_34.5_to_40.5__AND__education_bachelors]: (income > 50K) = False
else if [capitalLoss_1881.5_to_1978.5]: (income > 50K) = True
else (income > 50K) = False"
Average,0.8009110833508861,0.00038725137023690913,0.20288891664911385,0.3659239245264211,0.800896225545829,0.000763453502322357,1716971.0,3.8,
