Fold#,Training accuracy,Training Unfairness(3),Training objective function,Training Sample-Robustness,Test accuracy,Test unfairness,#Nodes explored for best solution,Cache size for best solution,Average length,RL
0,0.8160542512807283,0.0019313985193727505,0.18794574871927172,0.17157966898442856,0.8132370283018868,0.0016362412899531336,1100479,293744,4,"RULELIST:
 if [not_capitalGain_-inf_to_5095.5]: (income > 50K) = True
else if [capitalLoss_1881.5_to_1978.5]: (income > 50K) = True
else if [not_education_masters_doctorate]: (income > 50K) = False
else if [occupation_whiteCollar__AND__hoursPerWeek_40.5_to_inf]: (income > 50K) = True
else (income > 50K) = False"
1,0.816201673239229,0.0008840785034915609,0.18779832676077102,0.023320758414580374,0.816627358490566,0.004524392152918649,1049486,266395,4,"RULELIST:
 if [not_capitalGain_-inf_to_5095.5]: (income > 50K) = True
else if [capitalLoss_1881.5_to_1978.5]: (income > 50K) = True
else if [not_education_masters_doctorate]: (income > 50K) = False
else if [age_35.5_to_61.5__AND__hoursPerWeek_40.5_to_inf]: (income > 50K) = True
else (income > 50K) = False"
2,0.8151396771578094,0.0017562116072247181,0.18886032284219056,0.16777041942604856,0.8168951791242813,0.0023295316670711,1119822,310589,4,"RULELIST:
 if [not_capitalGain_-inf_to_5095.5]: (income > 50K) = True
else if [capitalLoss_1881.5_to_1978.5]: (income > 50K) = True
else if [not_education_masters_doctorate]: (income > 50K) = False
else if [occupation_whiteCollar__AND__hoursPerWeek_40.5_to_inf]: (income > 50K) = True
else (income > 50K) = False"
3,0.8171298002506081,7.754206983781597e-05,0.1868701997493919,0.005842498036135114,0.8223499926286304,0.002372506705434544,3442074,926525,4,"RULELIST:
 if [capitalLoss_1881.5_to_1978.5]: (income > 50K) = True
else if [education_hs_grad__AND__capitalGain_-inf_to_5095.5]: (income > 50K) = False
else if [age_35.5_to_61.5__AND__occupation_whiteCollar]: (income > 50K) = True
else if [capitalGain_-inf_to_5095.5]: (income > 50K) = False
else (income > 50K) = True"
4,0.8181248617970075,0.0016582446160090941,0.1858751382029925,0.005187432710188901,0.8183694530443757,0.004584836605699111,1037206,261953,4,"RULELIST:
 if [not_capitalGain_-inf_to_5095.5]: (income > 50K) = True
else if [capitalLoss_1881.5_to_1978.5]: (income > 50K) = True
else if [education_hs_grad]: (income > 50K) = False
else if [age_35.5_to_61.5__AND__occupation_whiteCollar]: (income > 50K) = True
else (income > 50K) = False"
Average,0.8165300527450764,0.001261495063187188,0.18746994725492355,0.07474015551427629,0.8174958023179479,0.0030895016842153074,411841.2,4.0,
