Fold#,Training accuracy,Training Unfairness(1),Training objective function,Training Sample-Robustness,Test accuracy,Test unfairness,#Nodes explored for best solution,Cache size for best solution,Average length,RL
0,0.777024287767663,0.0036848227459736205,0.22597571223233703,0.0004791213651273357,0.7821344339622641,0.022232975697510038,237042,125363,3,"RULELIST:
 if [education_hs_grad__AND__capitalGain_-inf_to_5095.5]: (income > 50K) = False
else if [education_hs_grad]: (income > 50K) = True
else if [age_35.5_to_61.5__AND__occupation_professional]: (income > 50K) = True
else (income > 50K) = False"
1,0.7764714554232853,0.00197020799486769,0.22652854457671467,0.00110566468875539,0.7788915094339622,0.012499685767872415,292503,152770,3,"RULELIST:
 if [age_35.5_to_61.5__AND__occupation_professional]: (income > 50K) = True
else if [hoursPerWeek_40.5_to_inf]: (income > 50K) = False
else if [capitalGain_-inf_to_5095.5]: (income > 50K) = False
else (income > 50K) = True"
2,0.7750423822510504,0.0048104658975184345,0.22795761774894963,7.370826269624825e-05,0.7806280406899602,0.0030429443724873384,309585,157860,3,"RULELIST:
 if [age_35.5_to_61.5__AND__occupation_professional]: (income > 50K) = True
else if [hoursPerWeek_40.5_to_inf]: (income > 50K) = False
else if [capitalGain_7073.5_to_inf]: (income > 50K) = True
else (income > 50K) = False"
3,0.7771799218692416,0.004628425690659882,0.22582007813075844,0.0001474165253924965,0.7760577915376677,0.001942112479911745,277588,142930,3,"RULELIST:
 if [age_35.5_to_61.5__AND__occupation_professional]: (income > 50K) = True
else if [hoursPerWeek_40.5_to_inf]: (income > 50K) = False
else if [capitalGain_-inf_to_5095.5]: (income > 50K) = False
else (income > 50K) = True"
4,0.7737156335225178,0.004274215151270577,0.22928436647748218,0.0002579789194368689,0.7627893262568185,0.012998451892714771,184884,101266,3,"RULELIST:
 if [education_hs_grad__AND__capitalGain_-inf_to_5095.5]: (income > 50K) = False
else if [age_35.5_to_61.5__AND__occupation_professional]: (income > 50K) = True
else if [education_hs_grad__AND__hoursPerWeek_34.5_to_40.5]: (income > 50K) = True
else (income > 50K) = False"
Average,0.7758867361667516,0.0038736274960580407,0.2271132638332484,0.0004127779522816679,0.7761002203761346,0.010543234042099262,136037.8,3.0,
