Fold#,Training accuracy,Training Unfairness(3),Training objective function,Training Sample-Robustness,Test accuracy,Test unfairness,#Nodes explored for best solution,Cache size for best solution,Average length,RL
0,0.8087200088453175,0.0004496388779733783,0.19527999115468253,0.354862403290569,0.8060141509433962,0.0006641939781718343,5541624,1800153,4,"RULELIST:
 if [capitalGain_7073.5_to_inf]: (income > 50K) = True
else if [age_21.5_to_24.5]: (income > 50K) = False
else if [workclass_private__AND__occupation_other]: (income > 50K) = False
else if [capitalLoss_1881.5_to_1978.5]: (income > 50K) = True
else (income > 50K) = False"
1,0.8091991302104449,3.151932941201398e-05,0.19480086978955513,0.34520601636372544,0.8092570754716981,0.002383939875920277,4182837,1193457,4,"RULELIST:
 if [workclass_private__AND__age_-inf_to_21.5]: (income > 50K) = False
else if [capitalGain_7073.5_to_inf]: (income > 50K) = True
else if [occupation_other__AND__hoursPerWeek_-inf_to_34.5]: (income > 50K) = False
else if [capitalLoss_1881.5_to_1978.5]: (income > 50K) = True
else (income > 50K) = False"
2,0.8017984816097885,0.00029445921579413826,0.2012015183902115,0.3662496934020113,0.8045112781954887,0.0005920892987139044,79023,42043,3,"RULELIST:
 if [capitalGain_7073.5_to_inf]: (income > 50K) = True
else if [not_hoursPerWeek_40.5_to_inf]: (income > 50K) = False
else if [capitalLoss_1881.5_to_1978.5]: (income > 50K) = True
else (income > 50K) = False"
3,0.8080636839389695,0.0007853787326099664,0.19593631606103046,0.3595345640219953,0.8135043491080642,0.0010690429035263142,4604443,1391419,4,"RULELIST:
 if [capitalGain_7073.5_to_inf]: (income > 50K) = True
else if [age_21.5_to_24.5]: (income > 50K) = False
else if [occupation_other__AND__hoursPerWeek_-inf_to_34.5]: (income > 50K) = False
else if [capitalLoss_1881.5_to_1978.5]: (income > 50K) = True
else (income > 50K) = False"
4,0.8101275152944645,0.0005542424117773866,0.19287248470553553,0.3519134775374376,0.8056906973315642,0.0011808778814161446,64998,30476,3,"RULELIST:
 if [workclass_private__AND__age_-inf_to_21.5]: (income > 50K) = False
else if [capitalGain_7073.5_to_inf]: (income > 50K) = True
else if [capitalLoss_1881.5_to_1978.5]: (income > 50K) = True
else (income > 50K) = False"
Average,0.807581763979797,0.0004230477135133767,0.19601823602020302,0.3555532309231477,0.8077955102100424,0.0011780287875496947,891509.6,3.6,
