Fold#,Training accuracy,Training Unfairness(1),Training objective function,Training Sample-Robustness,Test accuracy,Test unfairness,#Nodes explored for best solution,Cache size for best solution,Average length,RL
0,0.5761024182076814,0.016925361395930316,0.4268975817923186,0.001896633475580844,0.566824644549763,0.008179271708683489,1779414,731348,3,"RULELIST:
 if [age_23-25__AND__priors_1]: (recidivism:yes) = False
else if [age_26-45__AND__juvenile-crimes_=0]: (recidivism:yes) = False
else if [juvenile-crimes_=0__AND__priors_0]: (recidivism:yes) = False
else (recidivism:yes) = True"
1,0.5761024182076814,0.016267797872558443,0.4268975817923186,0.0021337126600284497,0.5848341232227489,0.06180430912864604,1709859,708297,3,"RULELIST:
 if [priors_1__AND__charge_degree_Felony]: (recidivism:yes) = False
else if [age_26-45__AND__juvenile-crimes_=0]: (recidivism:yes) = False
else if [juvenile-misdemeanors_=0__AND__priors_0]: (recidivism:yes) = False
else (recidivism:yes) = True"
2,0.5734945471787577,0.019771022829949997,0.4295054528212423,0.0002370791844476055,0.5592417061611374,0.006943723970298354,524565,298807,3,"RULELIST:
 if [not_juvenile-crimes_=0]: (recidivism:yes) = True
else if [age_26-45]: (recidivism:yes) = False
else if [not_priors_2-3]: (recidivism:yes) = False
else (recidivism:yes) = True"
3,0.5738326617681915,0.016591479818954535,0.4291673382318085,0.002133206921071344,0.5759013282732448,0.009950995676994923,1697162,722468,3,"RULELIST:
 if [age_26-45__AND__juvenile-crimes_=0]: (recidivism:yes) = False
else if [age_23-25__AND__priors_1]: (recidivism:yes) = False
else if [juvenile-crimes_=0__AND__priors_0]: (recidivism:yes) = False
else (recidivism:yes) = True"
4,0.5823654894524769,0.018473743507753326,0.4206345105475231,0.0009480919649205973,0.5664136622390892,0.058505963590709364,1750760,747767,3,"RULELIST:
 if [age_26-45__AND__juvenile-crimes_=0]: (recidivism:yes) = False
else if [priors_1__AND__charge_degree_Felony]: (recidivism:yes) = False
else if [juvenile-crimes_=0__AND__priors_0]: (recidivism:yes) = False
else (recidivism:yes) = True"
Average,0.5763795069629578,0.017605881085029324,0.42662049303704225,0.0014697448412097683,0.5706430928891967,0.029076852815066435,641737.4,3.0,
