Fold#,Training accuracy,Training Unfairness(1),Training objective function,Training Sample-Robustness,Test accuracy,Test unfairness,#Nodes explored for best solution,Cache size for best solution,Average length,RL
0,0.7583754100173221,0.007069082619659153,0.2446245899826779,0.3089595695278812,0.7553066037735849,0.008889793399187112,1167211,570581,3,"RULELIST:
 if [capitalGain_-inf_to_5095.5__AND__workclass_selfEmployed]: (income > 50K) = False
else if [education_hs_grad__AND__occupation_blueCollar]: (income > 50K) = False
else if [hoursPerWeek_40.5_to_inf__AND__workclass_selfEmployed]: (income > 50K) = True
else (income > 50K) = False"
1,0.7575645892455681,0.006837556111590877,0.24543541075443187,0.3099915232373862,0.7548643867924528,0.00525356684271881,660962,343039,3,"RULELIST:
 if [education_hs_grad__AND__age_35.5_to_61.5]: (income > 50K) = False
else if [capitalGain_-inf_to_5095.5__AND__hoursPerWeek_40.5_to_inf]: (income > 50K) = False
else if [hoursPerWeek_40.5_to_inf__AND__workclass_selfEmployed]: (income > 50K) = True
else (income > 50K) = False"
2,0.7575366698606913,0.00647516777745553,0.24546333013930866,0.2865040171003169,0.7599882058086392,0.005406314656259988,752379,386952,3,"RULELIST:
 if [capitalGain_-inf_to_5095.5__AND__workclass_selfEmployed]: (income > 50K) = False
else if [occupation_blueCollar]: (income > 50K) = False
else if [age_35.5_to_61.5__AND__workclass_selfEmployed]: (income > 50K) = True
else (income > 50K) = False"
3,0.756246775263507,0.00722294501868183,0.24575322473649297,0.29413282228937865,0.7616099071207431,0.0057700486406701765,14623,10217,2,"RULELIST:
 if [occupation_blueCollar__AND__capitalGain_-inf_to_5095.5]: (income > 50K) = False
else if [education_hs_grad__AND__occupation_blueCollar]: (income > 50K) = True
else (income > 50K) = False"
4,0.7530773199675683,0.0,0.24692268003243167,1.0,0.7476043048798466,0.0,0,0,0,"RULELIST:
(income > 50K) = False"
Average,0.7565601528709314,0.005520950305477478,0.2456398471290686,0.43991758643099266,0.7558746816750533,0.005063944707767218,262157.8,2.2,
