Fold#,Training accuracy,Training Unfairness(3),Training objective function,Training Sample-Robustness,Test accuracy,Test unfairness,#Nodes explored for best solution,Cache size for best solution,Average length,RL
0,0.8033022518704162,0.00011899251059494529,0.20069774812958385,0.36176672216237393,0.8007075471698113,0.0007498275002276438,6347224,2294825,4,"RULELIST:
 if [capitalGain_7073.5_to_inf]: (income > 50K) = True
else if [occupation_other__AND__hoursPerWeek_-inf_to_34.5]: (income > 50K) = False
else if [hoursPerWeek_34.5_to_40.5]: (income > 50K) = False
else if [not_capitalLoss_1881.5_to_1978.5]: (income > 50K) = False
else (income > 50K) = True"
1,0.8075037776876866,0.00024587316687000845,0.19649622231231345,0.3548576747832051,0.8076356132075472,0.0020629125886008548,4734864,1526308,4,"RULELIST:
 if [age_-inf_to_21.5__AND__capitalLoss_-inf_to_1534.0]: (income > 50K) = False
else if [capitalGain_7073.5_to_inf]: (income > 50K) = True
else if [capitalGain_-inf_to_5095.5__AND__occupation_other]: (income > 50K) = False
else if [capitalLoss_1881.5_to_1978.5]: (income > 50K) = True
else (income > 50K) = False"
2,0.7900788678410849,0.0002203477888817579,0.21292113215891506,0.37787588913416725,0.7896211116025358,0.001223004125212327,1186786,472868,3,"RULELIST:
 if [occupation_other__AND__hoursPerWeek_-inf_to_34.5]: (income > 50K) = False
else if [occupation_blueCollar__AND__hoursPerWeek_34.5_to_40.5]: (income > 50K) = False
else if [capitalGain_7073.5_to_inf]: (income > 50K) = True
else (income > 50K) = False"
3,0.8013193779022628,0.0003439602971542713,0.20168062209773718,0.3687647289866457,0.8064278342916114,0.0007904068151203731,107231,51668,3,"RULELIST:
 if [capitalGain_7073.5_to_inf]: (income > 50K) = True
else if [not_hoursPerWeek_40.5_to_inf]: (income > 50K) = False
else if [capitalLoss_1881.5_to_1978.5]: (income > 50K) = True
else (income > 50K) = False"
4,0.8082848087270583,0.0007493681940755918,0.19571519127294168,0.3615053342468435,0.8045112781954887,4.792684288592707e-05,4743002,1539883,4,"RULELIST:
 if [age_-inf_to_21.5__AND__capitalLoss_-inf_to_1534.0]: (income > 50K) = False
else if [capitalGain_7073.5_to_inf]: (income > 50K) = True
else if [capitalGain_-inf_to_5095.5__AND__occupation_other]: (income > 50K) = False
else if [capitalLoss_1881.5_to_1978.5]: (income > 50K) = True
else (income > 50K) = False"
Average,0.8020978168057018,0.00033570839151531495,0.20150218319429825,0.3649540698626471,0.8017806768933988,0.0009748155744094252,1177110.4,3.6,
