Fold#,Training accuracy,Training Unfairness(3),Training objective function,Training Sample-Robustness,Test accuracy,Test unfairness,#Nodes explored for best solution,Cache size for best solution,Average length,RL
0,0.8033022518704162,0.00011899251059494529,0.20069774812958385,0.29566154147488005,0.8007075471698113,0.0007498275002276438,6347224,2294825,4,"RULELIST:
 if [capitalGain_7073.5_to_inf]: (income > 50K) = True
else if [occupation_other__AND__hoursPerWeek_-inf_to_34.5]: (income > 50K) = False
else if [hoursPerWeek_34.5_to_40.5]: (income > 50K) = False
else if [not_capitalLoss_1881.5_to_1978.5]: (income > 50K) = False
else (income > 50K) = True"
1,0.7961891423727564,0.00015724032389165168,0.2078108576272436,0.30312086619959827,0.7946639150943396,0.0019261637239165329,7283938,2228572,4,"RULELIST:
 if [workclass_private__AND__age_-inf_to_21.5]: (income > 50K) = False
else if [capitalGain_7073.5_to_inf]: (income > 50K) = True
else if [not_occupation_blueCollar]: (income > 50K) = False
else if [capitalLoss_1881.5_to_1978.5]: (income > 50K) = True
else (income > 50K) = False"
2,0.7925112405100612,0.0003305216833226368,0.21048875948993884,0.353691439784155,0.7928645142267433,0.001223004125212327,1183918,459482,3,"RULELIST:
 if [occupation_other__AND__hoursPerWeek_-inf_to_34.5]: (income > 50K) = False
else if [occupation_blueCollar__AND__age_29.5_to_35.5]: (income > 50K) = False
else if [capitalGain_7073.5_to_inf]: (income > 50K) = True
else (income > 50K) = False"
3,0.8017616274784404,0.000503043975168907,0.20223837252155963,0.3246759622937942,0.8068701164676397,0.0007904068151203731,6973497,2428528,4,"RULELIST:
 if [capitalGain_7073.5_to_inf]: (income > 50K) = True
else if [hoursPerWeek_34.5_to_40.5]: (income > 50K) = False
else if [occupation_other__AND__hoursPerWeek_-inf_to_34.5]: (income > 50K) = False
else if [not_capitalLoss_1881.5_to_1978.5]: (income > 50K) = False
else (income > 50K) = True"
4,0.804009729490676,0.0001643356640519812,0.19999027050932405,0.3047861407458158,0.798171900339083,4.792684288592707e-05,5912671,2082297,4,"RULELIST:
 if [age_-inf_to_21.5__AND__capitalLoss_-inf_to_1534.0]: (income > 50K) = False
else if [capitalGain_7073.5_to_inf]: (income > 50K) = True
else if [capitalGain_-inf_to_5095.5__AND__hoursPerWeek_34.5_to_40.5]: (income > 50K) = False
else if [capitalLoss_1881.5_to_1978.5]: (income > 50K) = True
else (income > 50K) = False"
Average,0.79955479834447,0.0002548268314060244,0.20424520165553,0.31638719009964866,0.7986555986595235,0.0009474658014725608,1898740.8,3.8,
