Fold#,Training accuracy,Training Unfairness(5),Training objective function,Training Sample-Robustness,Test accuracy,Test unfairness,#Nodes explored for best solution,Cache size for best solution,Average length,RL
0,0.8145800316957211,0.008536644675629024,0.18941996830427887,0.003874236328416033,0.8130896226415094,0.06432276839374962,1265014,361061,4,"RULELIST:
 if [capitalGain_7073.5_to_inf]: (income > 50K) = True
else if [capitalLoss_1881.5_to_1978.5]: (income > 50K) = True
else if [not_education_masters_doctorate]: (income > 50K) = False
else if [age_35.5_to_61.5__AND__capitalLoss_-inf_to_1534.0]: (income > 50K) = True
else (income > 50K) = False"
1,0.8166807946043563,0.010823665116241,0.18731920539564373,0.0010413567390657541,0.8141214622641509,0.008269980866514131,1117095,300579,4,"RULELIST:
 if [not_capitalGain_-inf_to_5095.5]: (income > 50K) = True
else if [education_hs_grad__AND__hoursPerWeek_40.5_to_inf]: (income > 50K) = False
else if [occupation_whiteCollar__AND__hoursPerWeek_40.5_to_inf]: (income > 50K) = True
else if [not_capitalLoss_1881.5_to_1978.5]: (income > 50K) = False
else (income > 50K) = True"
2,0.8179405911402668,0.0026787078634516077,0.18605940885973316,0.0035560823825751963,0.8127672121480171,0.04837710400789519,1144783,316842,4,"RULELIST:
 if [capitalGain_7073.5_to_inf]: (income > 50K) = True
else if [education_hs_grad__AND__capitalLoss_-inf_to_1534.0]: (income > 50K) = False
else if [capitalLoss_1881.5_to_1978.5]: (income > 50K) = True
else if [age_35.5_to_61.5__AND__occupation_whiteCollar]: (income > 50K) = True
else (income > 50K) = False"
3,0.8172403626446525,0.008010169288647062,0.1867596373553475,0.00162577593851611,0.8223499926286304,0.04563702290975025,1085012,295335,4,"RULELIST:
 if [not_capitalGain_-inf_to_5095.5]: (income > 50K) = True
else if [capitalLoss_1881.5_to_1978.5]: (income > 50K) = True
else if [education_hs_grad__AND__capitalLoss_-inf_to_1534.0]: (income > 50K) = False
else if [age_35.5_to_61.5__AND__occupation_whiteCollar]: (income > 50K) = True
else (income > 50K) = False"
4,0.8169823837252156,0.010592996558874468,0.18701761627478442,0.001044776119402985,0.8173374613003096,0.02064127472584787,1149235,318297,4,"RULELIST:
 if [not_capitalGain_-inf_to_5095.5]: (income > 50K) = True
else if [education_hs_grad__AND__occupation_whiteCollar]: (income > 50K) = False
else if [age_35.5_to_61.5__AND__occupation_whiteCollar]: (income > 50K) = True
else if [capitalLoss_1881.5_to_1978.5]: (income > 50K) = True
else (income > 50K) = False"
Average,0.8166848327620425,0.008128436700568632,0.18731516723795755,0.0022284455015952154,0.8159331501965233,0.03744963018075141,318422.8,4.0,
