Fold#,Training accuracy,Training Unfairness(1),Training objective function,Training Sample-Robustness,Test accuracy,Test unfairness,#Nodes explored for best solution,Cache size for best solution,Average length,RL
0,0.7968525411860097,0.018775420983191904,0.20714745881399033,0.000442265875502156,0.8008549528301887,0.030314470618628436,5765756,2064658,4,"RULELIST:
 if [not_capitalGain_-inf_to_5095.5]: (income > 50K) = True
else if [education_hs_grad__AND__capitalLoss_-inf_to_1534.0]: (income > 50K) = False
else if [hoursPerWeek_40.5_to_inf__AND__workclass_selfEmployed]: (income > 50K) = False
else if [age_35.5_to_61.5__AND__occupation_professional]: (income > 50K) = True
else (income > 50K) = False"
1,0.7974053735303873,0.018272034895288336,0.20659462646961269,0.0006265433236280544,0.7959905660377359,0.02384753210712974,6606617,2329711,4,"RULELIST:
 if [capitalGain_7073.5_to_inf]: (income > 50K) = True
else if [education_hs_grad__AND__capitalLoss_-inf_to_1534.0]: (income > 50K) = False
else if [capitalLoss_-inf_to_1534.0__AND__workclass_selfEmployed]: (income > 50K) = False
else if [age_35.5_to_61.5__AND__occupation_professional]: (income > 50K) = True
else (income > 50K) = False"
2,0.7952015920984742,0.01928635867363017,0.20879840790152582,0.0002579789194368689,0.7962553442429603,0.008999310333226804,7386186,2354945,4,"RULELIST:
 if [not_capitalGain_-inf_to_5095.5]: (income > 50K) = True
else if [education_hs_grad__AND__hoursPerWeek_-inf_to_34.5]: (income > 50K) = False
else if [workclass_private__AND__hoursPerWeek_40.5_to_inf]: (income > 50K) = False
else if [age_35.5_to_61.5__AND__occupation_professional]: (income > 50K) = True
else (income > 50K) = False"
3,0.7968600280091398,0.018457489270204783,0.2071399719908602,0.0005528119702218619,0.798171900339083,0.02313171817240693,6059829,2158561,4,"RULELIST:
 if [capitalGain_7073.5_to_inf]: (income > 50K) = True
else if [education_hs_grad__AND__capitalLoss_-inf_to_1534.0]: (income > 50K) = False
else if [capitalLoss_-inf_to_1534.0__AND__workclass_selfEmployed]: (income > 50K) = False
else if [age_35.5_to_61.5__AND__occupation_professional]: (income > 50K) = True
else (income > 50K) = False"
4,0.7947593425222967,0.017990567901552443,0.20824065747770326,0.0007370826269624825,0.7875571281144037,0.006100355410545766,133577,70793,3,"RULELIST:
 if [capitalGain_7073.5_to_inf]: (income > 50K) = True
else if [age_35.5_to_61.5__AND__workclass_selfEmployed]: (income > 50K) = False
else if [age_35.5_to_61.5__AND__occupation_professional]: (income > 50K) = True
else (income > 50K) = False"
Average,0.7962157754692616,0.018556374344773526,0.2075842245307385,0.0005233365431502847,0.7957659783128743,0.018478677328387535,1795733.6,3.8,
