Fold#,Training accuracy,Training Unfairness(1),Training objective function,Training Sample-Robustness,Test accuracy,Test unfairness,#Nodes explored for best solution,Cache size for best solution,Average length,RL
0,0.755500681826558,0.000792393026941363,0.24649931817344195,0.1729628128109682,0.7516214622641509,0.0007898242194153931,13304,9788,2,"RULELIST:
 if [not_education_associates]: (income > 50K) = False
else if [capitalGain_7073.5_to_inf]: (income > 50K) = True
else (income > 50K) = False"
1,0.7522573987395422,0.0,0.24774260126045777,1.0,0.7508844339622641,0.0,0,0,0,"RULELIST:
(income > 50K) = False"
2,0.754146089776664,0.0018892639722472536,0.24785391022333603,0.14505786098621656,0.7576293675364882,0.0032498444044475093,6235,5282,2,"RULELIST:
 if [education_hs_grad__AND__capitalGain_-inf_to_5095.5]: (income > 50K) = False
else if [education_hs_grad__AND__workclass_selfEmployed]: (income > 50K) = True
else (income > 50K) = False"
3,0.7547357558782339,0.0008019053292896493,0.24826424412176606,0.07872042455959313,0.7607253427686864,0.0029940280264610965,1115352,558547,3,"RULELIST:
 if [hoursPerWeek_34.5_to_40.5__AND__education_bachelors]: (income > 50K) = False
else if [not_workclass_otherGov]: (income > 50K) = False
else if [capitalGain_7073.5_to_inf]: (income > 50K) = True
else (income > 50K) = False"
4,0.7571681285472102,0.0011332233771854036,0.24583187145278984,0.0641630426770841,0.7509951348960637,0.0016604986848025817,859599,435157,3,"RULELIST:
 if [not_workclass_otherGov]: (income > 50K) = False
else if [hoursPerWeek_34.5_to_40.5__AND__education_bachelors]: (income > 50K) = False
else if [capitalGain_7073.5_to_inf]: (income > 50K) = True
else (income > 50K) = False"
Average,0.7547616109536417,0.000923357141132734,0.24723838904635836,0.2921808282067724,0.7543711482855306,0.0017388390670253161,201754.8,2.0,
