Fold#,Training accuracy,Training Unfairness(4),Training objective function,Training Sample-Robustness,Test accuracy,Test unfairness,#Nodes explored for best solution,Cache size for best solution,Average length,RL
0,0.8135849334758413,0.001483868709929892,0.19041506652415874,0.0014900908955446282,0.8135318396226415,0.062148098943506036,1273854,379742,4,"RULELIST:
 if [not_capitalGain_-inf_to_5095.5]: (income > 50K) = True
else if [capitalLoss_1881.5_to_1978.5]: (income > 50K) = True
else if [capitalLoss_-inf_to_1534.0__AND__hoursPerWeek_-inf_to_34.5]: (income > 50K) = False
else if [education_masters_doctorate]: (income > 50K) = True
else (income > 50K) = False"
1,0.8124424132974607,0.0010057229573265936,0.1915575867025393,0.001338887235941684,0.8122051886792453,0.0053487376979033385,4712594,1250474,4,"RULELIST:
 if [capitalLoss_1881.5_to_1978.5]: (income > 50K) = True
else if [education_hs_grad__AND__hoursPerWeek_40.5_to_inf]: (income > 50K) = False
else if [occupation_whiteCollar__AND__hoursPerWeek_40.5_to_inf]: (income > 50K) = True
else if [capitalGain_-inf_to_5095.5]: (income > 50K) = False
else (income > 50K) = True"
2,0.8109751603154713,0.002386677014137195,0.19302483968452866,0.0016298710920136317,0.8118826477959605,0.039070124458577715,1422176,462796,4,"RULELIST:
 if [capitalGain_7073.5_to_inf]: (income > 50K) = True
else if [capitalLoss_1881.5_to_1978.5]: (income > 50K) = True
else if [not_workclass_selfEmployed]: (income > 50K) = False
else if [occupation_professional__AND__hoursPerWeek_40.5_to_inf]: (income > 50K) = True
else (income > 50K) = False"
3,0.8118228053364782,0.0016833611926660996,0.1921771946635218,0.00162577593851611,0.8124723573639983,0.015722492995220327,1174875,342291,4,"RULELIST:
 if [not_capitalGain_-inf_to_5095.5]: (income > 50K) = True
else if [capitalLoss_1881.5_to_1978.5]: (income > 50K) = True
else if [age_24.5_to_29.5]: (income > 50K) = False
else if [occupation_professional__AND__hoursPerWeek_40.5_to_inf]: (income > 50K) = True
else (income > 50K) = False"
4,0.8150659688951132,0.0023452744283785076,0.18893403110488682,0.0014925373134328358,0.8133569217160549,0.020312683365714346,1181892,330838,4,"RULELIST:
 if [capitalGain_7073.5_to_inf]: (income > 50K) = True
else if [capitalLoss_1881.5_to_1978.5]: (income > 50K) = True
else if [not_education_masters_doctorate]: (income > 50K) = False
else if [age_35.5_to_61.5__AND__hoursPerWeek_40.5_to_inf]: (income > 50K) = True
else (income > 50K) = False"
Average,0.8127782562640729,0.0017809808604876576,0.19122174373592707,0.0015154324950897777,0.8126897910355801,0.028520427492184353,553228.2,4.0,
