Fold#,Training accuracy,Training Unfairness(3),Training objective function,Training Sample-Robustness,Test accuracy,Test unfairness,#Nodes explored for best solution,Cache size for best solution,Average length,RL
0,0.8078723325839384,0.00037028009692425526,0.19512766741606158,0.35481343649005975,0.8060141509433962,0.0008655395914508488,82520,45018,3,"RULELIST:
 if [capitalGain_7073.5_to_inf]: (income > 50K) = True
else if [occupation_other]: (income > 50K) = False
else if [capitalLoss_1881.5_to_1978.5]: (income > 50K) = True
else (income > 50K) = False"
1,0.8089411417830686,1.9750484192282425e-06,0.19405885821693136,0.3428543432462888,0.8091096698113207,0.0018786341659657545,122145,61065,3,"RULELIST:
 if [capitalLoss_1881.5_to_1978.5]: (income > 50K) = True
else if [occupation_other__AND__hoursPerWeek_-inf_to_34.5]: (income > 50K) = False
else if [capitalGain_7073.5_to_inf]: (income > 50K) = True
else (income > 50K) = False"
2,0.8037148964398909,0.0005635524586656887,0.2002851035601091,0.3640421878832475,0.8046587055874982,0.0005920892987139044,5779189,1906085,4,"RULELIST:
 if [capitalGain_-inf_to_5095.5__AND__occupation_other]: (income > 50K) = False
else if [capitalGain_7073.5_to_inf]: (income > 50K) = True
else if [workclass_private__AND__hoursPerWeek_34.5_to_40.5]: (income > 50K) = False
else if [capitalLoss_1881.5_to_1978.5]: (income > 50K) = True
else (income > 50K) = False"
3,0.8080268298076214,0.0007366496634592546,0.1949731701923786,0.3571288295365279,0.8136517765000737,0.0010690429035263142,113511,52875,3,"RULELIST:
 if [capitalGain_7073.5_to_inf]: (income > 50K) = True
else if [occupation_other__AND__hoursPerWeek_-inf_to_34.5]: (income > 50K) = False
else if [capitalLoss_1881.5_to_1978.5]: (income > 50K) = True
else (income > 50K) = False"
4,0.8100538070317682,0.00045667952062828396,0.1919461929682318,0.34711754918273463,0.8056906973315642,0.0011808778814161446,657,560,2,"RULELIST:
 if [capitalGain_7073.5_to_inf]: (income > 50K) = True
else if [capitalLoss_1881.5_to_1978.5]: (income > 50K) = True
else (income > 50K) = False"
Average,0.8077218015292577,0.0004258273576193421,0.1952781984707425,0.3531912692677717,0.8078250000347706,0.0011172367682145933,413120.6,3.0,
