Fold#,Training accuracy,Training Unfairness(4),Training objective function,Training Sample-Robustness,Test accuracy,Test unfairness,#Nodes explored for best solution,Cache size for best solution,Average length,RL
0,0.7526628091254193,0.0,0.24733719087458073,1.0,0.7492629716981132,0.0,0,0,0,"RULELIST:
(income > 50K) = False"
1,0.7522573987395422,0.0,0.24774260126045777,1.0,0.7508844339622641,0.0,0,0,0,"RULELIST:
(income > 50K) = False"
2,0.7512714675315103,0.0,0.2487285324684897,1.0,0.754828247088309,0.0,0,0,0,"RULELIST:
(income > 50K) = False"
3,0.7528193410481315,0.006081173918944027,0.24918065895186847,0.12208099320130061,0.7599882058086392,0.0031315485860941017,16300,11200,2,"RULELIST:
 if [not_occupation_sales]: (income > 50K) = False
else if [capitalLoss_1881.5_to_1978.5]: (income > 50K) = True
else (income > 50K) = False"
4,0.7530773199675683,0.0,0.24692268003243167,1.0,0.7476043048798466,0.0,0,0,0,"RULELIST:
(income > 50K) = False"
Average,0.7524176672824343,0.0012162347837888054,0.2479823327175657,0.8244161986402603,0.7525136326874344,0.0006263097172188204,2240.0,0.4,
