Fold#,Training accuracy,Training Unfairness(3),Training objective function,Training Sample-Robustness,Test accuracy,Test unfairness,#Nodes explored for best solution,Cache size for best solution,Average length,RL
0,0.7644197103158515,0.0,0.23858028968414846,1.0,0.7629716981132075,0.0,715682,375947,3,"RULELIST:
 if [not_education_bachelors]: (income > 50K) = False
else if [age_35.5_to_61.5__AND__workclass_otherGov]: (income > 50K) = False
else if [capitalGain_7073.5_to_inf]: (income > 50K) = True
else (income > 50K) = False"
1,0.7522573987395422,0.0,0.24774260126045777,1.0,0.7508844339622641,0.0,0,0,0,"RULELIST:
(income > 50K) = False"
2,0.7512714675315103,0.0,0.2487285324684897,1.0,0.754828247088309,0.0,0,0,0,"RULELIST:
(income > 50K) = False"
3,0.7506449472985922,0.0,0.2493550527014078,1.0,0.7573345127524694,0.0,0,0,0,"RULELIST:
(income > 50K) = False"
4,0.7652023291811012,0.0,0.2377976708188988,1.0,0.7598407784166298,0.0,796014,404778,3,"RULELIST:
 if [not_education_bachelors]: (income > 50K) = False
else if [age_35.5_to_61.5__AND__workclass_otherGov]: (income > 50K) = False
else if [capitalGain_7073.5_to_inf]: (income > 50K) = True
else (income > 50K) = False"
Average,0.7567591706133194,0.0,0.2444408293866805,1.0,0.757171934066576,0.0,156145.0,1.2,
