Fold#,Training accuracy,Training Unfairness(1),Training objective function,Training Sample-Robustness,Test accuracy,Test unfairness,#Nodes explored for best solution,Cache size for best solution,Average length,RL
0,0.7906239634393543,0.014372370074867483,0.21237603656064574,0.0020270519293848818,0.7921580188679245,0.024577816010885115,291933,146521,3,"RULELIST:
 if [age_35.5_to_61.5__AND__occupation_professional]: (income > 50K) = True
else if [education_hs_grad__AND__occupation_blueCollar]: (income > 50K) = False
else if [capitalGain_-inf_to_5095.5]: (income > 50K) = False
else (income > 50K) = True"
1,0.7836582759001953,0.00889836248725763,0.21934172409980468,0.003943537389894225,0.7846403301886793,0.019320913565216105,283551,146456,3,"RULELIST:
 if [age_35.5_to_61.5__AND__occupation_professional]: (income > 50K) = True
else if [education_bachelors]: (income > 50K) = False
else if [capitalGain_7073.5_to_inf]: (income > 50K) = True
else (income > 50K) = False"
2,0.7814181469742758,0.0101053251135199,0.2215818530257242,0.003537996609419916,0.7865251363703376,0.0016770677387340366,292728,148840,3,"RULELIST:
 if [age_35.5_to_61.5__AND__occupation_professional]: (income > 50K) = True
else if [age_35.5_to_61.5__AND__hoursPerWeek_40.5_to_inf]: (income > 50K) = False
else if [capitalGain_7073.5_to_inf]: (income > 50K) = True
else (income > 50K) = False"
3,0.793948551632638,0.012999181427364018,0.210051448367362,0.0025060809316724405,0.792422232050715,0.008297981584925798,7040530,2337441,4,"RULELIST:
 if [not_capitalGain_-inf_to_5095.5]: (income > 50K) = True
else if [workclass_private__AND__hoursPerWeek_40.5_to_inf]: (income > 50K) = False
else if [capitalLoss_-inf_to_1534.0__AND__workclass_selfEmployed]: (income > 50K) = False
else if [age_35.5_to_61.5__AND__occupation_professional]: (income > 50K) = True
else (income > 50K) = False"
4,0.7741947372300435,0.005785051740622993,0.2288052627699565,0.005233286651433626,0.7742886628335545,0.000520528774775153,216949,118350,3,"RULELIST:
 if [capitalGain_-inf_to_5095.5__AND__workclass_selfEmployed]: (income > 50K) = False
else if [age_35.5_to_61.5__AND__occupation_whiteCollar]: (income > 50K) = True
else if [age_35.5_to_61.5__AND__occupation_professional]: (income > 50K) = True
else (income > 50K) = False"
Average,0.7847687350353014,0.010432058168726405,0.2184312649646986,0.0034495907023610176,0.7860068760622422,0.010878861534907242,579521.6,3.2,
