Fold#,Training accuracy,Training Unfairness(4),Training objective function,Training Sample-Robustness,Test accuracy,Test unfairness,#Nodes explored for best solution,Cache size for best solution,Average length,RL
0,0.7526628091254193,0.0,0.24733719087458073,1.0,0.7492629716981132,0.0,0,0,0,"RULELIST:
(income > 50K) = False"
1,0.8108944827332031,0.004849490091132003,0.19310551726679692,0.0044629574531389465,0.8132370283018868,0.015516969574127848,1150603,317820,4,"RULELIST:
 if [capitalLoss_1881.5_to_1978.5]: (income > 50K) = True
else if [capitalGain_-inf_to_5095.5__AND__workclass_otherGov]: (income > 50K) = False
else if [not_capitalGain_-inf_to_5095.5]: (income > 50K) = True
else if [age_35.5_to_61.5__AND__occupation_professional]: (income > 50K) = True
else (income > 50K) = False"
2,0.7549937347976708,0.0075010584199797226,0.24700626520232916,0.006519484368054527,0.7607253427686864,0.01170020286199902,25085,13656,2,"RULELIST:
 if [capitalGain_-inf_to_5095.5__AND__hoursPerWeek_34.5_to_40.5]: (income > 50K) = False
else if [hoursPerWeek_34.5_to_40.5__AND__occupation_whiteCollar]: (income > 50K) = True
else (income > 50K) = False"
3,0.814402594530847,0.0021130945607287233,0.18959740546915305,0.0038427431274017146,0.820875718708536,0.04578418214781854,1161118,328287,4,"RULELIST:
 if [capitalGain_7073.5_to_inf]: (income > 50K) = True
else if [education_hs_grad__AND__occupation_whiteCollar]: (income > 50K) = False
else if [age_35.5_to_61.5__AND__occupation_whiteCollar]: (income > 50K) = True
else if [capitalLoss_1881.5_to_1978.5]: (income > 50K) = True
else (income > 50K) = False"
4,0.8162453010982531,0.0036509842508741785,0.1877546989017469,0.002537313432835821,0.8137992038920832,0.01978589404232567,1126034,309797,4,"RULELIST:
 if [not_capitalGain_-inf_to_5095.5]: (income > 50K) = True
else if [capitalLoss_1881.5_to_1978.5]: (income > 50K) = True
else if [not_hoursPerWeek_40.5_to_inf]: (income > 50K) = False
else if [education_masters_doctorate]: (income > 50K) = True
else (income > 50K) = False"
Average,0.7898397844570788,0.0036229254645429253,0.21296021554292138,0.20347249967628622,0.7915800530738611,0.018557449725254214,193912.0,2.8,
