Fold#,Training accuracy,Training Unfairness(1),Training objective function,Training Sample-Robustness,Test accuracy,Test unfairness,#Nodes explored for best solution,Cache size for best solution,Average length,RL
0,0.568515884305358,0.0077036758793527504,0.43448411569464196,0.0011853959222380276,0.5507109004739337,0.017292250233426704,632510,349283,3,"RULELIST:
 if [juvenile-felonies_=0__AND__juvenile-crimes_>0]: (recidivism:yes) = True
else if [not_priors_2-3]: (recidivism:yes) = False
else if [age_26-45__AND__charge_degree_Misdemeanor]: (recidivism:yes) = False
else (recidivism:yes) = True"
1,0.5725462304409673,0.008878355087564571,0.4304537695590327,0.0007112375533428165,0.581042654028436,0.040657522509546684,1809524,760733,3,"RULELIST:
 if [age_26-45__AND__juvenile-crimes_=0]: (recidivism:yes) = False
else if [age_23-25__AND__priors_1]: (recidivism:yes) = False
else if [juvenile-crimes_=0__AND__priors_0]: (recidivism:yes) = False
else (recidivism:yes) = True"
2,0.5687529634898056,0.009528322841997477,0.43424703651019436,0.0002370791844476055,0.5620853080568721,0.018763616961361196,564095,316531,3,"RULELIST:
 if [not_juvenile-crimes_=0]: (recidivism:yes) = True
else if [age_26-45__AND__charge_degree_Misdemeanor]: (recidivism:yes) = False
else if [priors_2-3__AND__juvenile-misdemeanors_=0]: (recidivism:yes) = True
else (recidivism:yes) = False"
3,0.5655368570751362,0.009642993070869632,0.43746314292486377,0.00023702299123014932,0.5844402277039848,0.042067497391953756,1446458,686378,3,"RULELIST:
 if [priors_2-3]: (recidivism:yes) = True
else if [priors_>3__AND__gender_Female]: (recidivism:yes) = True
else if [gender_Male__AND__juvenile-crimes_>0]: (recidivism:yes) = True
else (recidivism:yes) = False"
4,0.5766769376629534,0.00672271853919193,0.42632306233704664,0.0018961839298411946,0.5645161290322581,0.049184880823298915,1739813,757657,3,"RULELIST:
 if [age_23-25__AND__priors_1]: (recidivism:yes) = False
else if [age_26-45__AND__juvenile-crimes_=0]: (recidivism:yes) = False
else if [juvenile-crimes_=0__AND__priors_0]: (recidivism:yes) = False
else (recidivism:yes) = True"
Average,0.5704057745948441,0.008495213083795273,0.4325942254051559,0.0008533839162199587,0.568559043859097,0.03359315358391745,574116.4,3.0,
