Fold#,Training accuracy,Training Unfairness(5),Training objective function,Training Sample-Robustness,Test accuracy,Test unfairness,#Nodes explored for best solution,Cache size for best solution,Average length,RL
0,0.7526628091254193,0.0,0.24733719087458073,1.0,0.7492629716981132,0.0,0,0,0,"RULELIST:
(income > 50K) = False"
1,0.7522573987395422,0.0,0.24774260126045777,1.0,0.7508844339622641,0.0,0,0,0,"RULELIST:
(income > 50K) = False"
2,0.7512714675315103,0.0,0.2487285324684897,1.0,0.754828247088309,0.0,0,0,0,"RULELIST:
(income > 50K) = False"
3,0.7506449472985922,0.0,0.2493550527014078,1.0,0.7573345127524694,0.0,0,0,0,"RULELIST:
(income > 50K) = False"
4,0.7566153165769883,0.012925067960841252,0.24638468342301167,0.13328358208955224,0.7505528527200354,0.013821700069108545,1364040,637817,3,"RULELIST:
 if [capitalLoss_-inf_to_1534.0__AND__hoursPerWeek_34.5_to_40.5]: (income > 50K) = False
else if [not_occupation_blueCollar]: (income > 50K) = False
else if [capitalGain_7073.5_to_inf]: (income > 50K) = True
else (income > 50K) = False"
Average,0.7526903878544104,0.0025850135921682504,0.24790961214558954,0.8266567164179104,0.7525726036442382,0.002764340013821709,127563.4,0.6,
