Fold#,Training accuracy,Training Unfairness(4),Training objective function,Training Sample-Robustness,Test accuracy,Test unfairness,#Nodes explored for best solution,Cache size for best solution,Average length,RL
0,0.5815552394499763,0.007616341991342035,0.42144476055002367,0.0054890219560878245,0.5630331753554503,0.03298671963235583,614933,347567,3,"RULELIST:
 if [age_26-45__AND__priors_0]: (recidivism:yes) = False
else if [juvenile-misdemeanors_=0__AND__age_26-45]: (recidivism:yes) = True
else if [priors_>3__AND__juvenile-misdemeanors_=0]: (recidivism:yes) = True
else (recidivism:yes) = False"
1,0.5917496443812233,0.013801319442103,0.41125035561877665,0.0014977533699450823,0.5800947867298578,0.10007690639111827,807971,429012,3,"RULELIST:
 if [priors_2-3__AND__gender_Male]: (recidivism:yes) = True
else if [age_26-45__AND__charge_degree_Felony]: (recidivism:yes) = True
else if [priors_>3__AND__juvenile-felonies_=0]: (recidivism:yes) = True
else (recidivism:yes) = False"
2,0.5770507349454718,0.012554896029767226,0.42594926505452824,0.0020161290322580645,0.5744075829383887,0.1251927559619867,472123,268181,3,"RULELIST:
 if [not_juvenile-crimes_=0]: (recidivism:yes) = True
else if [age_18-20__AND__priors_0]: (recidivism:yes) = True
else if [age_26-45__AND__charge_degree_Felony]: (recidivism:yes) = True
else (recidivism:yes) = False"
3,0.5795212135577151,0.006653784494945969,0.42347878644228487,0.006027122049221497,0.571157495256167,0.03803784217426187,630318,355694,3,"RULELIST:
 if [age_26-45__AND__priors_0]: (recidivism:yes) = False
else if [juvenile-misdemeanors_=0__AND__age_26-45]: (recidivism:yes) = True
else if [priors_>3__AND__juvenile-misdemeanors_=0]: (recidivism:yes) = True
else (recidivism:yes) = False"
4,0.5835506044086276,0.008983943920294668,0.4194493955913724,0.003076923076923077,0.547438330170778,0.03720099409754585,436258,244247,3,"RULELIST:
 if [priors_>3__AND__gender_Female]: (recidivism:yes) = True
else if [gender_Male__AND__juvenile-crimes_>0]: (recidivism:yes) = True
else if [priors_2-3__AND__charge_degree_Felony]: (recidivism:yes) = True
else (recidivism:yes) = False"
Average,0.5826854873486029,0.00992205717569058,0.4203145126513972,0.0036213898968871098,0.5672262740901284,0.06669904365145371,328940.2,3.0,
